Temperature(°C),Pressure(bar),FlowRate(L/min),Vibration(mm/s),FillHeight(mm),PowerConsumption(kW),CO2_Level(ppm),Humidity(%),Label,ErrorCode
37.3569448,2.248383609,155.26466,0.40873235,254.7850597,3.338170889,408.0418166,48.91252744,0,E000
44.49586324,2.277852776,157.2214328,0.509861048,251.8146061,2.895082063,389.2958807,55.1298529,0,E000
26.88444757,2.31518729,175.0074885,0.338866736,250.618981,3.146704678,330.4564192,49.44231702,1,E007
44.60644145,10.75196381,167.162764,0.505352504,249.2934278,3.489306085,365.0732407,49.18256375,1,E002
25.47277172,2.843326168,144.9379946,0.453513314,246.7076028,2.962125538,362.7420783,46.37906904,0,E000
41.3166625,2.247340316,146.9763707,0.398606169,253.8065058,3.359770462,360.8160352,53.48308372,0,E000
39.48677634,2.968065812,142.7376284,0.424750782,252.8815979,3.46232965,397.0248986,55.68373338,0,E000
41.25802018,2.743193199,177.5411913,0.50265862,247.1524382,3.078584512,386.4152819,59.78957916,0,E000
35.74213084,2.913286948,167.5635061,0.519422335,249.3714811,3.197723053,387.4964549,47.01685561,0,E000
31.70394483,2.722706958,150.0924771,0.434323358,249.3803366,3.380311681,445.3016176,45.87646486,0,E000
41.92904583,2.964028847,179.4934463,0.29468819,250.4229998,3.21750757,444.6563843,46.41413967,0,E000
32.85008635,2.894282719,173.8702507,0.296649709,251.9174571,-16.64778084,384.8990108,57.47764159,1,E006
33.72253058,2.101892388,147.0861409,0.501390242,254.5413164,2.856697361,437.6605278,46.51726587,0,E000
33.73445116,2.652113979,132.295927,0.450779142,251.4136682,3.419307727,390.2999759,55.83831145,1,E003
43.3336265,2.233265902,171.2323059,0.449080158,246.5422274,3.085416838,340.5726594,54.22951764,1,E007
43.28597613,2.76103779,176.096131,0.549471214,247.0865191,2.983860833,439.9983277,51.00893061,0,E000
40.6105103,2.419271661,151.6764469,0.338687504,247.3339627,3.26655613,406.528896,50.41641665,0,E000
27.75041888,2.565021993,159.7027628,0.337210685,245.3881295,2.915067577,427.6860327,56.46330726,0,E000
27.42609409,-6.707621169,178.9499286,0.358861,250.9899009,2.99323425,399.0459525,46.11178762,1,E002
42.57031123,2.159492263,147.8675279,0.231403947,245.6964587,3.565593415,373.2972212,45.26348184,0,E000
39.02134366,2.737025906,166.4899019,0.418846043,253.8164795,3.159141367,332.3316544,55.10971908,1,E007
40.26998151,2.318206796,120.6774119,0.230556887,245.9580536,3.195954034,431.9271028,56.6175616,1,E003
27.55426967,2.270942698,159.5914347,0.47166868,250.6507228,3.427140223,440.3001085,53.73827545,0,E000
37.44626595,-16.27948667,159.2728534,0.478989133,245.5224366,3.227398738,380.1263398,49.27452399,1,E002
32.70195457,2.220611953,155.9146281,0.598168605,250.2725515,2.957186122,445.24913,52.31160711,0,E000
37.67419487,2.382641155,164.5314558,0.525499318,245.2628477,-13.57832843,404.614447,54.77214132,1,E006
28.54020969,2.512667726,170.4064372,0.425837633,250.7240773,3.059450931,356.6797077,47.80211847,0,E000
38.01754738,2.656729485,168.2641652,0.292831431,254.8064822,2.828598716,444.0863548,59.18606939,0,E000
25.90892761,2.871204482,176.6568218,0.370757891,250.4488169,3.100833433,395.5915937,56.33564884,0,E000
25.92900825,2.615219438,163.4774603,0.540819366,249.050011,3.308125591,376.1752869,48.58072026,0,E000
29.1577251,2.629557697,143.2246162,0.459302782,254.9668328,3.349541933,377.2547648,53.38085112,0,E000
43.99599827,2.29221823,162.921688,0.379615104,252.8929065,3.198503739,416.2185886,59.56608688,0,E000
32.95755559,2.810672057,174.1461792,0.481179716,239.7587987,2.934847738,361.8096757,55.87706496,1,E005
29.86344382,2.713952633,172.1204753,0.529062987,253.3784138,3.239315212,414.6672753,50.38846711,0,E000
35.96663997,2.092911661,155.0999084,-12.84084531,251.611909,3.362788088,363.6755024,57.19421553,1,E004
35.11777358,2.761798191,159.9983597,0.396946819,252.2491275,3.230661098,434.9219145,52.72421027,0,E000
28.10187213,2.267996449,155.7270813,-8.21715436,253.0535767,3.310585797,406.5472132,48.38929066,1,E004
35.03032589,2.940679245,151.24199,0.51760578,246.8262513,2.901096114,393.5436129,55.21706549,0,E000
28.38985493,2.998347511,141.2185475,0.413329419,249.904491,3.566268244,431.4419197,53.94207093,0,E000
35.32600697,2.449739842,169.562679,0.586648888,245.2819134,3.131878085,395.2998101,58.47335278,0,E000
31.0814057,2.00855477,186.3114905,0.452301999,250.0407495,3.221351487,442.6712845,45.47422517,1,E003
39.16344177,2.835825928,169.172392,0.38088604,253.386218,3.468456568,390.6879063,51.01988166,0,E000
40.77194422,2.401778801,162.629798,0.434640695,253.1060385,2.903765006,435.2956114,56.90650211,0,E000
25.81550283,2.131728773,171.0819714,0.543143113,251.6046972,3.001778507,410.1548506,57.951647,0,E000
28.73134048,2.343167353,166.9535559,0.307198907,251.1416885,3.016770566,402.5102398,53.72262464,0,E000
30.15883255,2.160071635,156.272192,0.384142149,253.4253451,3.06953753,439.3443465,46.11496309,0,E000
37.63674424,2.654292552,150.1143247,0.242485531,246.4745392,2.867043327,388.9549164,55.26314506,0,E000
34.7074579,2.201083488,144.9769351,-6.863281672,254.9826898,2.839351192,394.1143599,51.78140284,1,E004
38.15690609,2.502631243,153.3915617,0.430774449,245.2198652,3.239983189,429.5140723,50.58506728,0,E000
28.22442575,2.764372662,142.6806615,0.287508683,254.7785369,3.52881256,378.126002,49.93705058,0,E000
39.9521876,2.761901813,143.7767559,0.237423763,250.9091609,3.358908472,381.1041705,56.45995574,0,E000
41.1832761,2.587004361,165.3965618,0.407699695,253.1979314,21.34611092,431.2132106,47.7406961,1,E006
42.20244794,2.163035337,175.1711822,0.335347146,249.1484685,3.071040936,371.5481983,51.51355045,0,E000
41.1240256,2.421828179,151.8914882,0.237206964,245.8591039,3.550211647,370.1699963,51.37962225,0,E000
44.14471223,2.486617092,166.9667216,0.529550945,249.7953645,-6.979821311,428.0825713,55.2929367,1,E006
26.41137495,2.849975371,150.8653273,0.481612581,247.7034859,3.185469803,424.9986984,56.96233467,0,E000
39.48764103,2.700737099,185.9167036,0.462195849,249.6692218,3.175643771,387.9022195,58.93606372,1,E003
27.13753846,2.428944333,157.3477733,0.517653825,250.5448911,2.912616366,393.7997748,56.21618731,0,E000
27.41133772,2.957789801,176.8973713,0.230993451,253.7656049,3.475767334,412.7732736,50.07720766,0,E000
32.67782443,2.259334897,144.1373646,0.2846027,252.7953168,3.191357214,355.8133791,47.48430089,0,E000
39.63179044,2.404527386,179.8293781,0.566166481,247.4218345,3.168308941,364.1059799,54.9761616,0,E000
35.25494284,2.930708012,169.4849986,0.42576117,253.8666976,18.3098071,374.6371333,50.92285448,1,E006
32.98005408,2.476843468,159.9251977,0.466562922,252.4441925,3.095910901,443.1266627,56.15651021,0,E000
32.61246587,2.218715613,162.112595,0.245136218,247.2012924,3.215111625,448.6913714,47.17849304,0,E000
33.65501738,2.356296716,155.6652782,0.521504278,253.8633166,2.998935027,433.639106,35.89269071,1,E008
43.10763953,2.276904487,142.0139811,0.303243057,248.8316447,3.242982585,424.8318801,47.58594215,0,E000
32.35068845,2.900960896,141.8060546,0.386954934,246.8583206,2.981520614,383.6964788,51.85341832,0,E000
35.45465659,2.716323388,174.5198733,0.495418421,253.0670781,3.223715622,437.4103796,58.10502983,0,E000
38.02465954,2.021913329,172.3307284,0.329409845,246.8345788,3.256551729,449.8611427,50.72161623,0,E000
26.82412206,2.967126615,172.228581,0.45856295,246.3156531,3.292171917,411.4770953,47.1048528,0,E000
28.35238433,2.74838435,142.8214255,0.232025361,249.0740527,3.09840568,433.6473192,48.20171822,0,E000
38.90658813,2.741107042,150.3639282,0.337639906,265.613967,3.408641337,395.2725427,56.90017242,1,E005
30.31756971,2.408234621,167.6830037,0.538372714,248.565755,2.986099557,468.8182265,47.74940045,1,E007
35.83801895,2.976013823,160.7424675,0.48907343,246.2305212,3.388813895,388.9626017,49.07226326,0,E000
31.02755748,2.541704812,145.3830507,0.257724817,245.6121666,3.356390767,416.1675061,55.17525944,0,E000
34.01888644,2.522278986,160.6531489,6.318877639,252.0989611,3.265760721,369.8108715,45.73588281,1,E004
33.55546267,2.432816002,159.3521016,0.41080305,250.4359557,3.069790201,380.0030481,55.62930601,0,E000
42.46318575,2.205538471,141.630931,0.468908603,248.4515746,2.814071933,375.1374007,30.74742435,1,E008
38.60456485,2.980368741,153.9532763,0.245896783,254.6381766,2.995962807,400.6371674,55.40452261,0,E000
29.01867377,2.803002072,150.356171,0.334943631,246.1687876,3.194428097,383.9714544,57.46702148,0,E000
30.78099466,-8.143339944,153.0671242,0.297163869,251.0886709,3.520324255,380.7082413,47.80041446,1,E002
44.33309638,2.147452527,157.1994086,0.3030528,245.2034108,2.883071509,417.7081972,45.22365396,0,E000
41.30922857,2.955334687,167.9855828,0.213772523,248.4022299,3.014863683,358.8632975,54.33890695,0,E000
36.03813678,2.669200263,178.9876238,0.282352795,249.9629513,2.832628011,405.7764759,45.23122749,0,E000
44.88278722,2.483989368,141.659893,0.235735961,252.7540951,2.88202763,406.9704632,52.00487181,0,E000
25.91484068,2.151595075,157.0986611,0.547239264,246.1680411,3.141524257,428.786472,58.60113559,0,E000
42.24876287,-9.448377903,168.7761805,0.423964674,254.9317108,3.140082241,367.5943277,52.07902579,1,E002
33.06965732,2.571772352,174.736381,0.251942805,252.6046461,3.560475173,414.6535099,47.24510197,0,E000
29.6442539,2.44044135,176.7359017,0.549413706,246.668297,3.194017483,383.9493915,50.18094993,0,E000
36.93685698,2.515861903,160.2278698,0.342623568,250.1821832,2.884764729,353.0786569,48.07886295,0,E000
25.62858371,2.956501398,151.460782,0.32179617,247.2971628,3.134690431,441.123431,54.81459482,0,E000
41.45074486,2.858341677,152.3387313,0.556332859,247.9757072,3.262583829,403.8079543,48.25886101,0,E000
37.08481928,2.339165591,151.9356369,0.216553678,245.3260177,3.022955883,463.3455724,52.41041239,1,E007
18.07147841,2.496097106,158.4382206,0.483356342,245.8971138,3.315884245,411.6369931,48.50429398,1,E001
43.02316021,2.938304818,177.3721646,0.222040614,250.0407008,3.357205747,379.7847348,48.08444213,0,E000
44.60065151,2.361853093,172.2259522,0.397748324,246.7478672,3.175876348,400.2402793,57.79667084,0,E000
35.06272517,2.458300642,175.8225139,0.315891193,252.6997362,3.536091051,393.5389396,55.01790333,0,E000
37.01193407,2.124817669,171.8638497,0.456698577,253.7472651,10.28170473,388.1070676,56.61840375,1,E006
39.6173495,2.38798676,168.5887533,0.398697371,245.5638185,2.901999781,377.4908337,54.45632622,0,E000
43.51137026,2.439149817,161.6549768,0.511193989,251.247954,3.385420876,437.6918932,56.95888538,0,E000
26.53207233,2.705906669,155.7465366,0.309067196,229.2025453,3.467047447,389.5040536,53.46326966,1,E005
40.44489539,2.459446768,140.7657947,0.370202264,250.030726,3.114536348,388.4194185,46.42479967,0,E000
35.99059072,2.576702399,141.5969013,0.410726866,248.1610489,2.98735554,362.1618157,59.08836204,0,E000
43.61897391,2.649322325,147.6806434,0.485205717,253.5985449,3.079579296,410.8687528,55.86947005,0,E000
32.42077526,2.346524168,141.5583139,0.393685256,254.2106949,3.094126437,444.5050553,47.5466541,0,E000
37.74859803,2.2495462,173.9243694,0.299052657,251.1340185,3.593612776,381.8009705,56.44029256,0,E000
26.46993495,2.957581015,178.1361152,0.31957046,248.9499027,2.867416447,439.9759615,46.7137268,0,E000
43.85463548,2.711722806,150.4464973,0.478972647,246.504955,3.208170333,408.7669051,58.63039149,0,E000
40.83158087,2.803603535,154.0327644,0.533729918,254.4607562,3.221656751,385.764055,51.47554468,0,E000
25.81737233,2.338860649,146.4546943,0.316899583,247.4990172,3.10255708,359.6951393,57.6011574,0,E000
28.70265858,2.521296048,144.9313512,0.341011697,245.3782014,3.213331408,372.7149089,58.29443617,0,E000
28.42283299,16.27381491,179.3784383,0.487527617,245.8439075,3.115968342,401.7275403,57.58520405,1,E002
31.62786175,2.980000416,152.7878275,0.497674443,250.319818,3.286809874,389.3480551,73.57523489,1,E008
33.92011546,2.772921482,145.0777766,0.549759213,247.6347345,2.9717881,444.1140335,45.16448874,0,E000
40.54293832,2.335208047,156.7066798,0.304019216,253.5339573,3.019635668,443.6687927,54.84224572,0,E000
25.610005,2.765512899,173.0743424,0.255780094,245.9093545,3.516649681,374.647791,53.89906639,0,E000
26.5395982,2.09839565,142.4957627,0.272263017,249.8306625,3.501991393,380.9481579,59.68872418,0,E000
42.67517057,2.199340534,191.1983402,0.205716308,252.3253283,3.277087807,384.4171883,49.22318901,1,E003
27.78712148,2.632711879,151.2133901,0.449255141,250.2745646,3.458310455,427.5654635,50.28713162,0,E000
41.04393962,2.476018129,166.7104237,0.252141252,246.7965122,3.519927635,389.7953056,46.50047507,0,E000
44.38605071,2.694150574,162.2816205,0.564727428,252.5838477,3.315016486,368.8199982,52.909487,0,E000
25.19541695,2.817128142,151.9308982,0.298662579,246.0551365,3.550309581,407.6760847,47.80717547,0,E000
28.62466132,2.023352096,161.0188123,0.378354648,250.0580922,3.271413871,409.4916021,57.89465866,0,E000
30.33319317,2.98486594,176.4454308,0.211597098,252.7072862,2.888267819,352.7485195,35.95981181,1,E008
31.75990314,2.80264331,145.0194519,0.40180117,252.6510659,3.486311348,419.467173,58.35471684,0,E000
34.24011607,2.588731522,167.7368851,0.52032724,250.218623,3.123287878,437.0055193,55.24135387,0,E000
35.04362283,2.645764951,148.3831393,0.366936134,253.6241754,-8.058615664,381.8076544,47.26665277,1,E006
43.85819408,2.811769788,149.3002397,0.401854915,254.4762366,3.031354522,366.6414284,58.15271661,0,E000
29.36507776,2.445541639,163.7512253,0.279076121,251.4722228,2.840683175,431.6745279,47.52611924,0,E000
28.00833782,2.11258039,172.2172017,0.27699726,254.4891622,3.327154235,374.232573,50.50000767,0,E000
44.4211649,2.457995759,169.1462514,0.599784272,252.2757932,3.337395872,441.5176337,59.09221332,0,E000
28.25868854,2.945698147,167.6422325,0.364457735,253.9022067,3.351856857,408.3386232,53.02610625,0,E000
33.42849101,2.000134693,173.1375468,0.262881553,245.4916083,2.933707452,423.4124544,57.2562742,0,E000
43.80917169,2.058550929,149.5258661,0.524273428,252.8397185,3.279490841,419.3741299,54.0205144,0,E000
55.7581243,2.471842975,174.7540301,0.365939188,250.3465957,2.816155938,365.8598006,54.62529762,1,E001
38.3897391,2.661684288,148.4698345,0.366042871,245.4795773,2.937355195,401.5546994,53.24504504,0,E000
26.82573354,2.983521473,142.1106103,0.385594167,252.9466289,3.589131215,436.8757231,55.79495888,0,E000
37.51782753,2.140802949,155.9733032,0.550373209,249.6468947,3.175248272,392.5868561,56.33522666,0,E000
40.72690029,2.049979029,146.4583134,0.437398566,245.5404763,3.01940948,376.2484455,47.75608389,0,E000
42.68412927,2.117203906,166.9502492,0.271332605,250.4840094,3.127878138,371.5609063,47.57955603,0,E000
25.28786977,2.463932487,157.8685811,0.47074891,251.7130442,3.376332855,445.3111085,46.66971482,0,E000
40.64770968,2.409671053,172.5753568,0.368099841,251.9603141,2.90870892,352.1163814,52.14724812,0,E000
28.69042039,2.907611003,156.4521589,0.241864176,246.9623428,3.511304429,399.4042867,45.81809491,0,E000
38.43401369,2.995437516,155.7241563,0.33984576,249.8932275,3.00546526,402.6642264,48.47952678,0,E000
36.25862463,2.35207648,164.2425878,0.235654672,245.0958602,-8.313144069,372.8077594,47.36006559,1,E006
31.46405864,2.656478607,145.1871591,0.202941218,249.7517087,3.4471822,428.6367386,53.15315872,0,E000
34.58363755,2.503132473,159.3544088,0.43855744,247.5903514,3.066329677,399.5509177,54.88252051,0,E000
25.56010639,2.931788543,160.9194923,-9.937499895,245.7684946,3.114355551,416.9926342,52.04834862,1,E004
32.76339852,2.062273106,144.7956437,0.520055033,252.2988912,3.204593839,361.7860109,59.72590826,0,E000
34.01088271,2.078969162,146.8374561,0.206999286,251.5423578,3.388574389,372.4750038,47.72246442,0,E000
40.98820798,2.874222525,155.6764225,0.587330784,249.4668872,3.222217767,425.7509823,59.84347212,0,E000
25.73099336,2.522576599,179.9099756,0.323567089,252.1632534,3.468388925,409.9379222,50.5997311,0,E000
41.29650227,2.051835799,165.9498846,0.576276075,252.7041179,3.226871784,383.522318,57.83004195,0,E000
33.20793654,2.672966622,167.3012984,0.211248603,248.9825023,3.019131897,441.0221701,53.91710782,0,E000
31.38627275,2.140711528,167.6804502,0.253313703,249.5631682,3.385832454,403.6554671,54.21721512,0,E000
37.58797276,2.305310677,160.0970915,0.215979189,250.7031251,3.403898023,397.5926697,49.69418426,0,E000
35.46195688,2.512654753,149.2552255,0.375652264,251.0601383,3.066254689,378.5277997,58.51301842,0,E000
31.45912946,2.776710557,151.0985872,0.377375641,247.4474508,3.414288739,401.2882603,53.72008825,0,E000
25.13904261,2.798714192,178.7104586,0.260697165,251.9807055,3.026768919,399.134909,51.71837017,0,E000
25.60633209,2.764556633,194.2913233,0.499489454,250.22706,3.294682703,389.4571698,56.87811398,1,E003
36.81666521,2.729508229,140.7662194,0.545372631,245.8579428,3.33454453,382.1846635,51.50676603,0,E000
25.36465165,2.693949591,147.81832,0.214536299,251.0510162,3.06612528,390.8843662,47.11217793,0,E000
35.38119582,2.350520534,143.5253772,0.527185398,247.0928776,2.978082909,361.4786279,58.94977175,0,E000
44.82830092,18.61970752,142.4539023,0.561724149,252.9005531,2.983220063,389.2248181,49.02947327,1,E002
40.50265647,2.215201872,166.9914521,0.280717979,254.3149039,2.872829052,375.2911806,46.97356068,0,E000
37.27412964,-10.62866883,143.2983231,0.494378881,250.4650171,3.56285883,368.3135372,54.09050179,1,E002
30.83325157,2.496258753,167.8809666,0.532081154,250.7066458,2.944339058,435.7587676,55.39212591,0,E000
34.4413389,2.299565678,158.069579,0.347490062,251.6938542,2.930121775,443.7144967,58.11864715,0,E000
34.25245913,2.970676545,144.424144,0.208414761,252.0352834,3.593275389,362.151117,46.5049658,0,E000
39.12951453,2.871414034,179.3095816,0.542780052,250.8475681,3.544280942,449.9335123,47.78852567,0,E000
44.67955296,2.75424826,165.8290017,0.386673262,250.2443635,2.948932029,350.7759648,55.55011432,0,E000
25.67064869,2.62066048,164.2854112,0.487227264,250.0030516,3.448576538,439.1455065,51.68774451,0,E000
29.90698219,2.215740679,170.5476908,0.39677121,248.915371,3.388514128,433.4798493,52.80134906,0,E000
37.99265798,2.391525698,171.8370555,0.257125722,248.5640474,3.506679761,391.8264081,56.83426345,0,E000
33.36981529,2.038428919,157.3528584,0.469395925,226.9138548,3.066050362,363.2682047,57.17338036,1,E005
39.51911358,2.61598545,149.193069,0.387088246,251.6703686,3.570296395,400.5332033,47.6581407,0,E000
38.27074744,2.766115933,155.837489,0.293730026,248.3269018,3.233205026,419.5640216,53.74082214,0,E000
40.22047982,2.759005283,168.2016363,0.367083427,249.509865,3.012295786,398.4213066,46.68409137,0,E000
29.94206468,2.285758325,153.8006736,0.595348227,247.8998739,3.309098165,418.5854492,51.40353131,0,E000
34.06569293,2.247176969,150.3592871,0.550230547,250.1513767,3.383401579,353.5710949,32.81245979,1,E008
33.898001,2.169001346,158.440394,10.56427878,250.1025782,2.904171303,395.2188105,46.36163728,1,E004
31.54514747,9.862402798,160.2819064,0.207492117,248.9160188,2.859874257,397.514718,51.3252247,1,E002
43.10701284,2.258620835,157.3537569,0.543329176,249.5825331,3.252445987,393.4071082,50.44869268,0,E000
30.69259824,2.446057226,152.4836766,0.307421642,249.314057,3.103001159,467.197268,49.4563298,1,E007
42.29444753,2.299919112,144.8155032,0.236541297,250.7349176,3.140444702,413.4000767,54.6887479,0,E000
44.09730561,2.418793319,154.9003573,0.377885111,249.1002379,3.502824599,391.2763073,56.77161482,0,E000
35.78982585,2.365680748,174.9722934,0.386549838,250.6831915,2.949386395,373.0966348,49.23938409,0,E000
42.54944027,2.909220206,173.062043,0.490807411,252.7122482,3.05572165,405.3836083,51.2678428,0,E000
41.56109946,2.671987871,178.8291266,0.301916942,249.8578411,3.200992382,336.148599,51.64928979,1,E007
41.30858988,2.918368315,171.1103302,0.590646288,247.1632897,2.91263993,467.4355642,45.59758636,1,E007
30.95700023,2.949799353,146.0666784,-11.27423276,253.2832297,3.178736905,432.9286678,55.94530209,1,E004
38.58204638,2.361919991,162.5692727,0.591982179,247.5602117,3.125731439,438.9092398,55.19809311,0,E000
35.79970759,2.476335733,152.503921,0.46109125,246.5374931,3.263974256,395.0124273,54.38096445,0,E000
41.59483607,2.644149221,173.0536324,0.264344117,248.0123129,3.103920418,427.1484875,47.24455082,0,E000
35.52805322,2.732699051,163.8420046,0.354221001,252.3110298,3.276824129,387.5648735,49.70212935,0,E000
28.9158227,2.164706353,146.5762212,0.537945634,247.6241608,3.319264482,442.8522075,54.15964126,0,E000
35.59301157,2.726461715,145.0400811,0.238677824,246.5737158,2.978360007,436.8323964,54.18224732,0,E000
26.91429111,2.821388363,157.8690587,0.543497987,248.8813308,3.019308934,380.6006105,45.40155879,0,E000
38.87896889,2.275767568,156.1081488,0.281702587,251.7177927,3.134375635,419.2613443,55.9323327,0,E000
26.94352988,2.785651618,176.4242287,0.399333211,254.1082422,3.193500768,402.3993167,47.30961527,0,E000
26.28417874,2.274071589,147.5678317,0.578006838,249.8064803,2.957922987,440.5088123,58.72317571,0,E000
38.89963772,2.38051771,154.5193136,0.465604891,249.3558916,3.41282072,355.8590888,52.9817979,0,E000
33.03861827,2.890141137,145.5994951,0.489332122,247.3134871,3.203803459,387.6835561,58.39708078,0,E000
30.86223758,2.322832389,142.6376355,0.446018979,265.2938434,2.992196446,445.6611854,56.17608922,1,E005
35.93420559,2.760289823,163.7263288,0.449402124,250.9901104,3.110497165,448.4164959,53.23733536,0,E000
42.85343422,2.511129139,143.2074703,0.584935223,245.3105688,3.125738991,360.4075956,57.37420394,0,E000
39.26699172,2.25760722,166.850833,0.528588501,247.8622431,2.995693019,372.8942336,47.87831325,0,E000
25.48801563,2.14696271,171.9663188,0.394949923,249.9401167,2.826750388,385.1143691,48.23888401,0,E000
57.47936695,2.608491087,175.9109627,0.360580403,248.8512507,2.802839193,411.3426262,45.44657861,1,E001
35.23354884,2.603795453,143.2491854,0.462328307,246.9344723,3.216652469,386.3392479,45.80545782,0,E000
41.1488031,2.205687262,149.1746311,0.319971759,254.3441079,3.596810227,405.2841796,51.00328643,0,E000
32.51165905,2.458186887,170.9108568,0.304339698,249.3276708,3.047088719,426.9485387,53.24982624,0,E000
38.83790395,2.876650762,145.7200449,0.446027902,253.0590584,3.031598292,428.5202868,55.84143049,0,E000
35.05274186,2.561484588,146.0819427,0.326582852,247.8428829,3.394666331,358.2927153,49.08796754,0,E000
26.91070628,2.560678295,168.6050008,0.497776867,252.8986462,3.401723914,355.2185058,57.65160665,0,E000
26.76985004,2.959576644,160.0143778,0.273617909,251.2795874,2.853674986,408.7885692,55.17695324,0,E000
28.4640374,2.523390911,170.2819246,0.253511258,252.7467294,2.993542182,423.795312,57.83403941,0,E000
44.28291592,-14.98056861,148.4258239,0.418229739,246.7984815,3.077917889,443.1358367,47.1913605,1,E002
28.85043282,2.45660382,132.6609504,0.512577842,252.6216656,3.431784233,442.1540943,46.78606501,1,E003
36.6678359,2.483407436,145.1330345,0.426340715,249.1744828,3.288757221,353.7782968,54.59425099,0,E000
37.86576437,2.512502649,169.3970339,0.296663568,249.109329,3.453681706,445.8251172,51.16563848,0,E000
42.54921725,2.012103117,175.8629863,0.346620475,246.2126489,3.550999911,395.4960317,53.10098573,0,E000
37.65243786,2.207075809,171.2756365,0.504875004,251.88293,3.050420284,410.5071485,52.25986125,0,E000
40.05897199,2.151482113,156.0235743,0.393126998,248.5568739,3.057690077,418.6419894,29.35913882,1,E008
34.91871669,2.809181298,129.1625931,0.502349344,245.7298374,3.492135327,393.0202696,53.71939463,1,E003
37.21961978,2.692073647,154.2792972,0.300476802,247.8192955,3.158099098,431.020585,45.28847555,0,E000
34.85035388,2.603487667,154.0487755,0.321287914,250.8676791,3.163333976,397.1937366,46.70331816,0,E000
36.90155861,2.367785988,155.311364,0.329258087,248.4104787,3.583084812,410.0218611,54.34886265,0,E000
37.45780952,2.057054721,177.3282035,0.357791756,247.3663313,2.901236249,379.8041698,49.39253434,0,E000
38.53026772,2.064006347,177.5225656,0.221174374,254.8102949,3.405363928,449.8750034,59.9607169,0,E000
28.62876695,2.616300486,170.4869835,0.234160994,249.6261927,3.250169235,421.4054331,57.83124232,0,E000
38.66496057,2.454345423,144.3473016,0.376826485,252.9780237,3.152118758,431.4792002,52.52554476,0,E000
37.06897187,2.354424949,155.4722897,0.499599607,252.7132314,2.899691366,376.1127144,45.82430181,0,E000
30.19607162,2.419447994,170.3216168,0.419764733,254.0584939,2.927930596,393.3074505,53.16355136,0,E000
40.22055805,2.591130303,179.0624409,0.537472212,252.3170527,3.205915275,372.7800756,57.59056295,0,E000
16.48906261,2.830116911,167.1820745,0.294468793,248.7699383,3.205369411,402.8140057,58.33091593,1,E001
36.63920708,2.908997994,155.441242,0.570631567,251.5195434,21.10208153,418.7582443,50.34158849,1,E006
25.44938617,2.964078416,178.0213128,0.305078191,246.3972057,3.421748728,422.246131,47.93547809,0,E000
30.17559963,2.416153998,179.2447163,0.362566615,254.0944366,3.118443873,376.6703431,58.86918798,0,E000
39.7280403,2.434020973,147.6051507,0.203987694,248.7725199,3.246707582,430.5636925,57.53043531,0,E000
36.00672996,2.786130422,132.2413192,0.221566674,250.7331374,3.350879617,382.6149717,54.20376277,1,E003
36.14690129,2.888592495,132.996626,0.39570889,252.467216,2.887887806,392.4683492,45.26677712,1,E003
40.67306025,2.384511328,161.7679465,0.314454017,251.3326892,3.401343814,419.8313324,55.20320056,0,E000
43.00836114,2.800070969,162.7090927,0.215744752,247.399489,3.01104486,414.6401737,47.05589525,0,E000
41.74026657,2.240398913,140.805514,0.26959096,245.6326267,2.929516488,350.4373982,51.11002381,0,E000
38.45204236,2.58444891,154.0930822,0.586931245,245.2442688,2.809743868,393.4980198,49.62631633,0,E000
43.94497155,2.821636898,166.2563841,0.230111487,245.470612,3.491148646,357.4159106,57.1804994,0,E000
30.04873889,2.051135381,154.4189802,0.569492558,251.657844,3.56047361,402.4257928,47.83525601,0,E000
5.301225219,2.406567575,160.6937282,0.277921632,251.1091858,3.448495893,408.5892346,56.82052569,1,E001
25.66406218,2.718453947,161.7702935,0.311906772,245.5204584,3.201705313,426.1110588,59.32361863,0,E000
34.63513818,2.895743445,147.5268638,-10.74182948,250.8622071,3.535403397,389.4539208,46.03729261,1,E004
14.05154425,2.111216575,141.2736698,0.462717602,251.1024898,3.366687149,416.038644,46.71442022,1,E001
27.02245352,2.527399622,155.384443,0.518004615,250.4387792,3.334081371,386.8310382,59.34845893,0,E000
44.73773873,2.394476279,146.7891371,0.507624453,254.5797935,3.019530105,395.1336725,56.27698417,0,E000
34.93533718,2.882559877,173.563988,0.323747425,253.5253874,3.197618918,422.8104492,46.40587299,0,E000
34.90982632,2.019327631,162.314947,0.383105845,249.8921625,3.299002707,449.0191789,46.25927492,0,E000
40.75666376,2.658357092,160.5701712,0.235871303,262.3305553,3.131506535,412.9113143,56.73343501,1,E005
40.89622607,2.579983787,170.0106306,0.303516963,251.6670886,2.94087143,365.2750432,54.20085642,0,E000
60.32786603,2.658425544,164.1317472,0.36544674,248.7330498,3.251667247,356.3703102,58.13729763,1,E001
39.53052387,2.912602522,169.2212808,0.531477977,252.4595462,15.00449591,440.2117309,54.76452858,1,E006
27.13961278,2.204680109,148.3876111,0.345826571,252.5746905,2.855000762,396.6967409,54.80341088,0,E000
43.48792391,2.780376124,163.974389,0.20156735,249.1185228,3.551286959,426.4847893,51.39584842,0,E000
27.7091723,2.822224,176.8762955,0.516301935,233.8271817,3.280673941,366.0293474,48.15903739,1,E005
38.90289108,2.38782609,169.1246575,0.349062852,254.7552733,3.372939102,437.0105458,52.96798191,0,E000
28.54221359,2.077058279,148.3016374,0.202473529,251.6362472,3.272602977,384.4428046,57.78354787,0,E000
27.15782854,2.012108475,169.4970434,0.313106183,249.2177424,3.32430656,434.56263,49.75417933,0,E000
27.85983364,2.162233406,155.2396509,0.41817118,245.0931029,3.114975336,405.5082601,54.19466012,0,E000
42.53307205,2.8789789,149.2590086,0.250444057,246.6844055,3.260439606,365.4075732,49.50790136,0,E000
30.57180678,2.572048643,172.2172932,0.341819284,251.9061531,3.433602501,433.724,45.24809174,0,E000
25.61454359,2.537310259,176.9290351,0.438551933,254.716506,2.909160895,466.9718757,52.88311097,1,E007
44.00474708,2.773991378,146.7954829,0.279278555,247.3358043,3.564815768,398.8060156,58.30936503,0,E000
43.8723184,2.181613968,167.6129139,0.343769531,249.1050482,3.388748314,403.0088497,53.27742336,0,E000
25.9043734,2.726670992,178.6298884,0.368520353,245.6640535,3.002765704,447.2514482,47.14177275,0,E000
5.273489732,2.730961708,174.0208844,0.219260316,250.0496092,3.358878629,404.2946585,54.99971199,1,E001
29.55870325,2.643904254,146.6996436,0.359993207,251.1555262,2.816321289,369.972828,51.59238769,0,E000
30.87171277,2.753202565,148.7626647,-17.16923609,253.163344,3.435424574,432.3734413,48.17208422,1,E004
38.19968092,2.461557474,153.1293242,0.483868537,248.0320819,3.268388751,369.4152697,49.33371474,0,E000
29.31642055,2.068958016,166.7147163,0.383160118,245.4366093,3.205416033,409.0116422,47.42424091,0,E000
44.68166938,2.007841591,160.784467,0.320470235,246.9813074,2.857817367,380.2622285,45.41444634,0,E000
35.85392166,2.324675927,168.2055658,0.593861791,248.0336428,3.233626676,354.1972726,51.79522126,0,E000
10.16123971,2.925246987,149.9092114,0.542093573,254.2046198,3.52160208,445.207733,57.63162933,1,E001
30.92234261,2.886436055,152.0819546,0.485582169,251.1204708,3.14174493,373.9025637,31.1183918,1,E008
28.21519792,2.43661419,149.2432341,0.537015292,250.9830608,3.044355381,374.4094572,50.42467992,0,E000
34.49261751,2.434403319,161.7852348,0.523050348,247.5508722,3.113183784,428.8686429,54.50682629,0,E000
44.2585375,2.702146096,171.7574053,0.307067375,254.680725,3.4112744,431.4051926,48.40689548,0,E000
31.79749928,2.991327902,153.9975141,0.364199485,251.0569924,3.307394473,402.9103268,53.37073463,0,E000
33.83061003,2.634671273,158.6677248,0.455585209,253.5932495,3.274888436,433.8159201,56.75554483,0,E000
41.19748892,2.217892554,142.0166709,0.592553334,248.269421,3.349561953,391.4520829,58.43280181,0,E000
32.97326056,2.888118189,173.3665643,0.359391505,249.6865164,2.814856575,362.3939194,58.80584747,0,E000
41.98446821,2.412621841,147.0049256,0.43193183,252.4765182,3.196573608,405.9301872,56.39995737,0,E000
28.27047745,2.736535228,142.7274648,0.436997392,245.0678817,3.138301175,360.8971629,56.57324903,0,E000
41.89098797,2.228235363,143.8786268,0.320026833,248.3594615,2.875569941,444.2772001,52.7917915,0,E000
41.38377719,2.605637889,156.0750508,0.328247963,253.5243889,3.523013809,423.6750221,58.40012463,0,E000
38.03922519,2.996334338,154.9819297,0.570763025,247.7967386,3.331300591,373.7317704,49.01267786,0,E000
30.57741698,2.923542757,179.835451,0.439936488,238.7761255,3.185271244,390.6172013,54.09265959,1,E005
37.36436127,2.559755684,172.9449444,0.476657361,245.4606917,2.937059636,371.988299,58.23594802,0,E000
31.06256712,2.424850843,172.2069759,0.423151673,246.1501094,2.992181733,438.9304724,53.0737912,0,E000
25.51284132,2.193863068,144.9298983,0.346411306,252.0867672,2.94092313,360.6619273,50.48109196,0,E000
29.88273642,2.198552404,161.0721168,0.414883272,249.3982074,3.417513717,401.6654401,75.85619578,1,E008
25.28542269,2.903902006,141.7737685,0.328976508,267.7676208,3.323567914,402.7520175,48.43502139,1,E005
35.82592671,2.6248741,163.8146548,0.549344447,245.4741564,3.340649309,384.0916409,57.3740772,0,E000
30.46814144,2.598357484,166.3802393,0.336958049,252.3815075,2.891626295,395.5735814,53.90410239,0,E000
26.46768033,2.405225783,141.5972876,0.534086904,247.0973899,3.062646968,466.1939909,48.28557542,1,E007
35.97467579,2.305604215,162.8504188,0.334326546,247.5048295,3.444776103,429.3717426,46.66578667,0,E000
25.6236627,2.890215003,160.4682979,0.322835097,248.3421534,3.534554527,444.0401372,59.37522875,0,E000
26.7069493,2.282187075,150.6198563,0.546824073,253.8974899,3.181296365,353.5064949,55.19262034,0,E000
28.18329476,2.01508803,128.5184565,0.420760487,253.3322177,3.441888441,360.0043284,59.0099305,1,E003
34.04435882,2.997820856,147.5974455,0.556987638,252.5066901,3.447739406,351.5482459,49.59088797,0,E000
43.00046247,2.895674778,169.9747775,0.318470706,246.5853616,3.053373698,400.9245251,49.20591268,0,E000
41.34887123,2.046851909,159.0735551,0.407346185,250.5418126,2.985818692,428.9333482,48.55615931,0,E000
38.15225785,2.695618146,166.9105846,0.313020107,250.5069054,3.050600592,368.7411288,50.23492403,0,E000
31.91766114,2.771122816,160.1782377,0.580680963,247.7401178,3.114682271,415.2526878,47.5475915,0,E000
25.48631933,2.82504941,141.6023648,0.428341575,249.4863259,2.863985986,400.0734906,54.11956751,0,E000
38.76804793,2.124368399,178.3916408,0.503808059,248.4193449,2.80450505,359.0662089,50.09347268,0,E000
27.61747321,2.015394892,176.21196,0.353443616,254.3612557,3.443107767,354.4556632,51.06774605,0,E000
42.12979682,2.484696287,176.3670106,0.295500708,246.0395938,3.176236978,390.1898708,56.67829538,0,E000
35.65234533,2.456236509,179.0911973,0.451493606,247.1070667,3.328779057,407.4953493,54.92647732,0,E000
25.73342854,2.914548664,176.3771801,0.389781272,254.3694925,2.919030627,444.9955009,53.04644319,0,E000
44.42790188,2.70662987,140.2792905,0.463179964,253.160335,3.028848041,377.6075136,47.51839038,0,E000
39.29191845,2.560168183,173.3828716,0.32378782,246.2248142,3.594243183,417.8903021,46.10041139,0,E000
32.87728811,2.443919455,165.017338,0.296060638,245.8559955,3.270468997,435.8356055,48.86116845,0,E000
37.33853837,2.894094303,160.0023304,0.340002747,254.8265241,3.164254728,443.2962549,51.05599506,0,E000
29.24678221,2.459800424,154.4170731,0.480346279,252.9554439,3.350424415,407.0387325,58.79405129,0,E000
44.79920465,2.605779249,166.552979,0.235358787,254.4637865,2.860867781,391.1782027,51.76746006,0,E000
40.39987106,2.956614621,178.459693,0.236979807,253.3557171,2.909573308,402.8629838,57.08527183,0,E000
25.35747869,2.45966487,154.2175735,0.534575895,253.9207435,2.841067497,361.3762462,49.84784677,0,E000
27.54977325,2.909454611,157.7641423,0.451212186,246.481008,3.330963583,374.6617423,53.74304042,0,E000
44.39757653,2.069641148,147.2711547,0.226110703,254.6391601,3.277179662,371.5022569,50.94913199,0,E000
38.8306845,-15.07918178,145.5761377,0.367465845,253.8128801,3.248425284,387.9590914,45.72303363,1,E002
39.12484454,2.187411944,177.3499769,0.411275705,251.6190158,3.111413117,425.0811381,56.89844517,0,E000
29.18698647,2.714032644,149.6212634,0.369177417,251.9007535,3.174279347,355.5217627,57.6331512,0,E000
6.108779798,2.455602538,154.5333513,0.451826958,251.7383796,2.968550334,433.6938845,49.3490564,1,E001
55.72416611,2.287936555,151.4204179,0.33943646,249.9351699,3.133277985,363.3004021,47.45183788,1,E001
29.26209408,2.078455816,172.0958412,0.415237866,247.4563157,3.175723406,447.9419873,54.2018614,0,E000
43.68872054,2.161362801,169.5171108,0.362546562,251.9622144,2.82281602,436.4659114,48.30194131,0,E000
43.92230924,2.929228054,177.6201581,0.530213937,248.4233408,3.265093246,403.2347728,50.38745908,0,E000
42.71955496,2.622413642,156.3869148,0.513264012,253.2073584,3.06730913,368.7173115,48.98013712,0,E000
44.41084512,9.953339239,144.1574129,0.365086691,254.6368327,3.120248719,386.3802108,55.55377588,1,E002
27.56788579,2.389404939,153.6656445,0.470815126,254.5923544,3.097595808,449.1997009,48.98303408,0,E000
42.47780155,2.432729136,173.0372923,0.525850022,248.0264034,3.058555252,436.2404352,46.25853813,0,E000
39.36246152,2.673645417,162.1597302,0.505638235,247.7067461,3.383226994,361.7462073,48.22488335,0,E000
28.46747191,2.652291649,152.9731751,0.45327147,253.1790418,3.016727379,356.5842165,59.50978758,0,E000
43.89228439,2.787387027,170.5406337,0.257774594,254.1320596,3.209149125,351.6537125,51.46074932,0,E000
32.64216941,2.450676254,140.5190668,0.508210112,245.4100469,16.71494782,402.7819191,55.56867942,1,E006
35.39670734,2.247896973,143.8149523,0.369565035,254.1514074,20.83423873,437.1913989,59.58941612,1,E006
32.78403357,2.857179257,157.2493548,0.401653137,247.5276586,3.310402588,414.8746937,52.57675078,0,E000
62.63708193,2.111147827,171.7864862,0.273189353,253.0811875,3.28960075,369.3235991,52.10031269,1,E001
33.17905889,2.347343326,153.5988746,0.341389277,253.0437441,3.268945883,412.0278817,52.36711454,0,E000
38.17566733,2.807155537,167.37257,0.271407916,246.0699126,3.170940645,441.5472988,53.9434662,0,E000
29.98584458,2.774653531,164.9052213,0.350880713,245.5234718,3.126416073,422.4204913,58.91953593,0,E000
40.93949558,2.609297439,144.6341111,0.316592269,254.6884241,-3.598823047,420.7553356,56.01006382,1,E006
42.921826,2.121386418,158.7642884,0.389723466,245.4846423,2.943999693,375.3245363,53.65383208,0,E000
42.75408366,2.165954895,159.285284,0.232578885,246.1001772,2.931347971,402.52022,46.68910724,0,E000
31.83744332,2.855030202,152.1354217,0.425062169,247.1100669,2.819180358,425.5494657,47.54491622,0,E000
28.54879088,2.656780105,158.5592679,0.464927165,248.7992429,3.358493539,439.565123,49.38668191,0,E000
36.80461334,2.464095159,141.8234063,0.425494841,251.5226401,2.94334374,412.1629578,59.67685008,0,E000
36.57350817,2.483039698,157.7673363,0.598739714,253.2380175,3.578315512,422.4135979,51.62040118,0,E000
30.03598118,2.944042094,167.2876676,0.343497004,245.0128443,3.377209424,437.8697584,50.96180889,0,E000
42.4292118,2.967860035,177.5186093,0.443284551,246.7275732,3.560303801,403.2111134,54.36435601,0,E000
40.42540693,2.688134706,178.4368059,0.554095551,246.9283961,3.342088946,412.3742245,51.71313353,0,E000
44.93273674,2.902894995,164.9101361,0.274636039,254.4218545,3.091119525,425.655266,58.29796006,0,E000
37.57885694,2.463931377,140.4324433,0.378530544,252.8008402,2.827340471,397.2280964,48.20884306,0,E000
26.35674118,2.409412072,145.2286929,0.372846495,249.5326177,3.038434018,431.7532416,59.53289003,0,E000
54.01992537,2.123155474,155.2857675,0.533334248,248.478278,2.827403659,377.4280376,59.84918415,1,E001
31.80901391,2.311971542,176.2382084,0.434039959,247.1487117,3.511276994,449.3360855,27.06622558,1,E008
35.40615402,2.598978508,146.5207646,0.450259965,252.0664252,3.56249969,395.1076072,55.42447903,0,E000
34.26459275,2.32393912,198.1433494,0.553510983,246.0849835,3.142680227,396.4721956,59.66423051,1,E003
29.84819465,2.142594144,177.154382,0.566325739,250.6948239,3.447830823,386.0788401,51.38642422,0,E000
31.92199453,2.368347214,142.9958337,0.342006106,245.0302087,3.343453332,399.0609688,47.30617548,0,E000
28.10866608,2.737986382,176.7973893,0.216775206,248.9558211,19.59007955,445.3187644,47.46124928,1,E006
40.90534624,2.955918829,177.8369858,0.228278643,250.476161,3.512242046,392.029026,58.71997661,0,E000
29.84941007,2.369053022,171.7527242,0.306440547,247.2753388,3.058320855,438.9931056,55.8170378,0,E000
34.08152289,20.75759907,177.2642998,0.571861151,245.0795418,3.537510788,355.4386966,48.98660485,1,E002
37.99293298,2.981143732,167.7981248,0.457122636,250.0357007,2.90227979,381.793933,52.77611317,0,E000
30.86421543,2.440323418,154.3683499,0.523182931,250.6574731,3.211264556,442.907636,51.29482117,0,E000
44.65184944,2.80769062,168.3931917,14.40538823,252.2067032,3.137524445,434.5288108,55.44518934,1,E004
36.60344738,2.858764279,178.6332928,0.25162605,246.7862888,2.825687664,444.9495432,54.73566701,0,E000
29.12842544,2.048186012,163.5200185,0.480139156,249.6339101,3.180725062,352.021752,51.74590962,0,E000
43.73459977,2.297548451,169.6656581,0.575969749,252.7124307,3.226980331,431.4016736,45.35942078,0,E000
28.47790498,2.977307908,151.4250395,0.579142627,254.9209219,3.419148903,355.1131638,55.33735848,0,E000
27.69349636,2.847645147,163.7080255,0.572519421,270.1555148,3.326258128,371.3164202,46.75129451,1,E005
38.84872303,2.066973612,179.0164147,0.516052549,251.06015,2.977021273,431.8212001,57.84142998,0,E000
28.63856261,2.281004499,142.4578516,0.234966723,251.928012,3.444464661,383.4743532,59.02875472,0,E000
36.82047976,-3.088454101,141.4012661,0.465530585,250.2325805,3.456809008,380.0409859,57.23208356,1,E002
29.80291238,2.276814308,177.2159368,0.503590733,248.2541828,2.910585669,358.5043621,48.17292939,0,E000
25.26188913,2.658540516,167.0265161,0.364450911,249.5002424,3.339201097,407.4428483,54.99639921,0,E000
34.57665632,2.228320174,155.274305,0.461535356,245.7608937,3.282881536,443.1224759,66.01510305,1,E008
38.93301648,2.980739344,157.7213483,0.580905606,254.9742294,3.554742486,375.7177136,59.03858378,0,E000
42.50117928,2.817582688,164.0624828,0.501275082,231.7893337,2.849656109,358.9857918,57.44138106,1,E005
27.14344023,2.114487638,146.2480603,0.470849705,245.2304709,3.421285472,400.6691201,47.24147853,0,E000
25.54741384,22.40655956,146.9755306,0.324519909,250.8287157,3.385916037,384.437139,54.96388466,1,E002
42.36545011,2.113303505,141.4236092,0.489135682,251.4485604,3.035231768,431.0069308,47.22423807,0,E000
37.15810186,2.439210601,169.6626443,0.574628087,249.184495,3.410359103,387.5241132,47.76195035,0,E000
28.02115784,2.712621333,170.586038,0.403803549,253.4180871,3.169862798,376.0115983,45.65095041,0,E000
30.46407012,2.408986504,167.9697094,0.455489364,271.5261581,3.406350192,411.7859154,56.80485125,1,E005
40.16526392,2.127866801,147.9452646,0.513169446,252.2026792,3.424586184,364.7273808,48.07231871,0,E000
42.43567133,2.685443883,148.1696843,0.223295132,246.1793867,3.342813656,371.6232894,56.75874765,0,E000
32.13506653,2.488241137,163.9720846,0.387422798,245.7771242,3.505483841,444.2334495,47.94323477,0,E000
34.9175147,2.662434012,147.9457831,0.564536726,252.6925056,3.356283401,364.0285013,50.4009824,0,E000
38.10483961,2.32166999,172.4064436,0.24232201,254.4039703,3.109154681,444.518858,53.23408018,0,E000
31.66366311,2.945137635,172.1813318,0.564473436,250.7255319,-3.797444755,433.9471542,56.17712323,1,E006
44.68804361,2.00436327,157.5942256,0.515565585,245.0078951,3.360912905,382.3976107,50.59957485,0,E000
44.95868221,2.917485843,174.6569273,0.274938717,249.9565392,3.316222204,382.8509054,51.31140312,0,E000
35.35423287,2.967035275,155.7248719,0.45140156,251.6072739,3.414719943,390.273237,57.73704954,0,E000
30.12961053,2.529174453,178.4191901,-15.04574847,254.6226408,3.040461686,436.1447921,59.00486318,1,E004
43.61190429,2.269511862,153.4529358,0.292915862,250.2018074,3.075649526,352.084524,51.83823883,0,E000
42.05473491,2.645468426,126.8674513,0.206920049,252.7853537,3.062649819,397.2007482,56.98017159,1,E003
40.16476951,2.161671436,140.9578506,0.334884996,252.9606853,3.194807346,364.2286219,59.48438584,0,E000
25.27355302,2.355133215,151.2411171,0.30492634,247.2252978,9.871392099,424.1608834,55.40138763,1,E006
42.36284509,2.268853514,147.1637976,0.397930381,248.3295025,3.031481928,376.9561693,53.48165249,0,E000
43.8953146,2.59322157,161.8583417,0.222800955,247.3405778,3.375646731,370.9931832,59.32334565,0,E000
30.63300223,2.898879041,170.940274,0.548480415,247.1403969,3.276554797,341.9657885,49.64853341,1,E007
25.18394103,2.20248056,147.3135112,0.414216989,248.7681063,3.203536832,365.3113446,57.71347194,0,E000
26.12750993,2.297237808,167.5218223,0.418590544,246.891387,3.597592402,367.7041441,49.01017068,0,E000
34.92732494,2.111512212,145.8130677,0.420684949,253.972985,3.023949864,414.2129147,53.19770563,0,E000
44.38824645,2.202632634,162.2219828,0.449030159,245.6899001,3.092361188,439.4538852,54.31687949,0,E000
37.36256481,2.855696094,144.0098225,0.438538599,250.1257622,3.164901767,395.1546361,46.81707861,0,E000
33.57523015,2.871253906,170.7786398,0.52897685,254.7229358,3.10980945,344.5401076,47.25029043,1,E007
32.63376611,2.319099963,174.1133829,0.288038016,239.7658885,2.968462226,401.8531433,53.0776331,1,E005
26.03942567,2.250467899,166.52585,0.281404443,248.888515,2.904673889,417.6233735,53.33278,0,E000
27.56091678,2.482041058,153.4981712,0.258645823,247.8625904,2.98070513,421.612764,48.39404377,0,E000
32.32723687,2.101045811,141.5575207,0.394253719,254.6577044,3.141124845,376.0397359,59.69130771,0,E000
40.79963099,2.114464566,121.1618585,0.232563906,251.8842135,2.981406598,353.5185343,45.89456319,1,E003
34.85236188,2.472493355,148.9727424,0.56593398,254.8710009,3.064634393,441.6978749,48.2962545,0,E000
27.77654345,2.610780071,143.3409966,0.293151658,251.4986392,3.14637844,428.6652516,57.0659467,0,E000
42.74172849,2.355384569,154.8869302,0.37134072,248.4562017,3.176938048,400.2639805,56.14096296,0,E000
28.69708911,2.137109706,142.1339199,0.252515189,245.7173534,2.876552093,351.9901484,55.82779741,0,E000
29.5299155,2.840703028,179.5780452,0.512019235,249.1334246,2.971341002,396.4784206,59.36728986,0,E000
36.63887283,2.786115448,133.3716696,0.499716144,248.0515833,3.561199551,421.4317971,49.90134071,1,E003
32.20272815,2.507059647,143.3986516,0.234583003,249.4154729,2.842496499,425.7657617,48.24664625,0,E000
30.77387474,2.607752122,149.070905,0.295334884,251.5942325,3.450545718,382.909588,52.82133064,0,E000
40.9037239,2.065366158,151.2646417,0.328398818,253.8148582,2.832407338,421.3031456,50.27740346,0,E000
41.03456166,2.012156771,147.8285056,0.325835053,249.9482846,3.300169227,366.0393875,57.60504357,0,E000
30.53755296,2.394576076,175.8275978,0.321494018,246.8180847,3.588793258,420.0306354,59.79533693,0,E000
33.01702834,2.863547523,163.1397003,0.566702401,252.3067901,3.456234368,354.3013964,47.59383746,0,E000
31.50660662,2.547959489,165.9455583,0.290315821,251.3388946,3.462570206,358.4001715,58.70722198,0,E000
28.97431363,2.785016544,171.1641035,0.426166376,245.8291458,3.110211463,393.23339,49.81146621,0,E000
34.64552919,2.049612737,159.9818169,0.300903764,254.1106553,3.118793995,413.3872446,79.75537788,1,E008
31.83670918,2.900591901,142.0471894,0.49000273,245.2332233,-17.01378612,386.0884912,57.30749067,1,E006
34.0908213,2.033189355,178.3247204,0.530556125,246.4049901,3.309956303,374.7351372,52.51132912,0,E000
36.07604481,2.696156145,157.508673,0.534745369,251.4283339,2.983293291,403.1971734,47.83370785,0,E000
37.55416106,2.557708826,168.4854818,0.54063256,251.6196984,2.998828595,372.3412545,49.27649249,0,E000
41.60439729,2.552500967,162.6340224,0.383825191,247.5666169,2.988325799,354.0013131,56.87360863,0,E000
40.8144633,2.225381268,173.2249104,0.344666433,249.3950778,3.076759614,437.4251877,55.101312,0,E000
35.82533157,2.186135898,165.8241031,0.277977108,252.091807,3.063135823,369.9350129,59.1673182,0,E000
37.67059422,2.177428769,142.2791491,0.423075476,254.5370363,2.82848972,445.7663475,53.68050972,0,E000
27.02841657,2.019128966,175.2358064,0.416330826,249.4122967,2.806578505,407.2146878,55.34986795,0,E000
29.29880757,2.199215275,155.9117376,0.384269117,248.2443823,2.965589042,419.3466906,46.13032344,0,E000
44.89815645,2.521459639,159.8495689,0.236167591,245.4414556,3.322958954,352.3106853,45.15135608,0,E000
18.90391022,2.589348577,175.4420336,0.345895612,251.4771133,2.985130098,405.8471922,56.80188151,1,E001
26.73840576,2.636096046,177.3773216,0.297445917,250.3641038,3.234775896,400.0969302,52.29638753,0,E000
34.2739681,2.110989469,169.2598586,0.344023961,246.6071335,3.036852408,438.2742076,57.4122144,0,E000
43.72309548,2.6425652,153.6164622,0.267664758,253.0265624,2.98439587,375.1788453,45.20489825,0,E000
31.82495655,2.858816771,152.3071636,0.522842808,247.1485461,3.285813336,384.5580873,52.05648371,0,E000
32.87922551,2.59778431,124.4237755,0.496580707,251.9660639,3.549370848,373.7294277,47.8418468,1,E003
26.69675428,2.819063514,161.2628861,0.242684728,253.1942785,3.169889158,407.1869689,54.89597298,0,E000
35.53450033,2.848294266,161.0971124,0.329781369,250.2375098,-4.150104328,419.4107532,58.76190986,1,E006
32.81458112,2.400610924,166.6308968,0.523791434,251.2621499,3.358888178,337.8075475,47.9555263,1,E007
35.85318564,2.372423696,171.596468,0.215727795,249.3176754,3.105804732,469.4941438,52.6556311,1,E007
33.85141613,2.690807624,162.9988251,0.270704092,250.9206431,3.232093367,399.3905994,67.45981958,1,E008
26.31417279,2.500624268,156.0281667,0.524374077,251.4227816,3.349414236,421.7645586,49.88085635,0,E000
40.59701978,2.786205652,169.014864,0.574209209,252.3272342,2.940501172,449.8560248,50.81000131,0,E000
37.23705789,2.142249369,170.5741355,0.327215845,249.8222523,3.161858782,417.8945424,57.34542463,0,E000
41.52135261,2.202254181,161.1462642,0.229629963,253.5867205,3.215424066,431.4068287,53.29411122,0,E000
34.96884398,2.010131184,148.0611351,0.474671445,246.1627368,3.235344093,355.362839,57.91695365,0,E000
27.57739735,2.282478744,151.4888484,0.540614869,248.1493323,3.004002922,392.8854361,49.32326374,0,E000
38.93474331,2.065204591,153.0717882,0.317566704,249.0956093,3.154331278,449.0801356,59.84801226,0,E000
27.84991086,2.70369978,167.1665027,0.587145826,248.6973781,3.11928744,381.4476636,49.45950899,0,E000
34.21557536,2.397015041,150.7269747,0.306274226,247.1681428,3.033034998,358.8568174,59.73723977,0,E000
42.02849915,2.636374282,141.4685177,0.562302716,247.52663,2.900490163,363.019446,51.43571991,0,E000
32.06704456,2.447055544,172.9788607,0.391146942,254.7826546,3.211943596,430.947321,50.40176573,0,E000
29.42418884,2.773141874,143.0703225,0.590595864,247.2309002,3.235625034,364.1548851,53.29121171,0,E000
26.27116701,2.637201477,176.8523005,0.574157796,249.6548697,2.977221722,432.8929891,46.60735045,0,E000
37.98420604,2.620928567,164.4732408,0.599068905,246.904135,3.215601484,354.7967559,50.05994297,0,E000
32.21947794,2.963499241,177.8388356,0.281991693,252.271312,3.317656133,362.8229947,50.62561047,0,E000
42.40655187,2.419694923,192.5610651,0.490941407,249.7924238,3.029903932,386.3383371,57.88616542,1,E003
39.09361525,2.737917393,156.5406612,0.555308879,252.9270341,3.341701991,412.3625947,49.65024534,0,E000
43.59058288,2.964017407,153.6383429,0.222650223,253.2057644,3.063533326,357.6727372,54.73864099,0,E000
42.83078379,2.007403459,172.6728011,0.406780311,250.5929439,15.07167488,361.5611888,46.54230336,1,E006
64.62105416,2.584521515,157.8414931,0.289109656,251.5343342,3.348461489,418.5190607,45.40477554,1,E001
41.69860474,2.703857092,145.2871863,0.34242692,246.4112612,2.951096149,378.8149489,47.60305379,0,E000
26.42377297,2.879581855,166.3464542,0.203931021,245.9681873,3.539720884,440.5951919,49.94568263,0,E000
41.18722311,2.024191764,149.4991423,0.353806325,248.6504757,3.0037764,407.2099817,50.47576916,0,E000
44.38940867,2.446419516,170.7432532,0.52920143,253.7155186,3.250501275,360.0231878,50.8176765,0,E000
27.29673649,2.890097035,153.2788602,0.401150208,253.6111352,3.469775314,411.2209063,46.12982148,0,E000
44.11302996,2.22867678,163.0846833,0.482891331,252.1207199,2.857202419,407.9072528,58.00310374,0,E000
44.24345097,2.471287167,144.2349727,0.572268902,253.0589117,3.245449715,408.8943649,54.13033141,0,E000
38.85251904,2.895346089,177.9111879,0.423654663,247.1613581,3.06470967,385.2431026,53.09922341,0,E000
42.61741518,2.038929963,167.1626642,0.465396138,253.3157393,2.956456518,442.2092654,45.48721983,0,E000
38.35115477,2.219068809,153.3760472,0.379188663,246.6249842,3.031149613,390.8487389,54.83390927,0,E000
27.34134033,2.427489688,148.8495479,0.317062039,249.2335803,3.584041554,402.4688412,47.91944471,0,E000
33.08280643,2.160462614,149.4993322,0.552503227,250.8893602,2.848349236,440.5489477,54.28811888,0,E000
40.70351923,2.062291798,164.781048,0.444145203,253.1110457,2.818003462,404.5608464,58.06337686,0,E000
31.83634703,2.276169558,165.2037251,0.229159381,252.6203272,3.227840782,403.2330603,49.85494172,0,E000
32.46503583,2.913788444,142.2296341,0.320664897,251.9320954,3.060106343,407.0743742,49.95536533,0,E000
26.12606551,2.450350979,156.1283102,0.310039553,252.2037321,3.287356313,394.6114307,47.17937568,0,E000
31.22615398,2.519224571,156.9508048,0.364807096,252.443682,2.804271314,421.0145038,46.61858576,0,E000
41.34144142,2.822422374,167.6941722,0.460912445,248.4296652,3.143458213,387.4536152,57.02880588,0,E000
32.16931457,2.254670622,159.5398253,0.415345241,252.6876418,3.075604715,386.0463029,52.0180487,0,E000
44.22381128,2.201363782,163.8432782,0.511091164,253.5974781,3.134399374,435.0298737,45.59085244,0,E000
37.83943001,2.48509466,148.2392014,0.301280465,247.268371,3.153723291,404.5562544,55.28893831,0,E000
26.30103186,2.527041464,170.2692067,0.239831885,250.1152564,3.245638069,436.0511487,46.16228696,0,E000
29.4763523,2.666600479,143.6568797,0.360388131,250.3749375,3.522726205,396.487093,56.0912687,0,E000
28.32548737,2.834954262,154.3449363,0.382013048,245.279719,3.108704587,467.3191277,55.48132183,1,E007
29.25928323,2.601923431,155.7158044,0.242260138,249.5384656,3.482132922,390.7860026,56.43346184,0,E000
29.2010584,18.28808683,167.2391172,0.421053833,250.6357834,3.388558004,377.0002481,50.29152699,1,E002
34.74862396,2.891872145,177.4374899,0.541313919,254.3083286,3.239266578,370.4801525,53.26547029,0,E000
39.01938263,2.890258053,152.1314356,0.241725235,249.7343493,3.314841698,445.9439596,46.58363463,0,E000
26.11676442,2.977723512,171.6236851,0.396044591,231.1133184,3.407011001,369.0717253,53.52312511,1,E005
42.11392936,2.803958508,143.1712114,0.416806119,253.8110515,3.598893855,429.4552294,47.61535061,0,E000
35.71549368,2.545026919,156.744291,0.221844121,251.4211024,3.198381042,436.770546,54.70208491,0,E000
42.97108377,2.035311355,151.1457225,0.557321798,252.6676836,2.989803491,369.5666296,56.95859363,0,E000
38.35186771,2.185646705,165.7118028,0.482721438,252.4220101,2.948995951,371.9800712,53.50746819,0,E000
25.70939171,2.863187348,154.398461,0.455735505,262.2755992,3.253560381,426.4432862,56.36375749,1,E005
44.51704159,2.759398262,175.3942047,0.558222296,245.6699109,3.473085417,393.1732824,45.18888919,0,E000
28.21616103,2.14888805,178.797061,0.557573404,247.0823181,3.37886456,365.397413,47.78930168,0,E000
26.63518064,2.702258766,147.7374137,0.578286043,253.2513488,3.168826854,433.3209457,52.74509728,0,E000
39.74213961,2.793995311,154.2629217,0.506873846,270.4759137,3.13340249,421.6359786,58.5119205,1,E005
40.04687946,2.741439952,141.6024225,0.470498725,251.4087238,23.09933915,387.7799326,53.84762868,1,E006
26.38847685,2.220111326,174.7859874,0.383738404,249.5448273,3.36242536,449.4813029,46.81523575,0,E000
28.99084902,2.432018928,160.4957128,0.421081556,248.9624735,3.512015121,440.6254237,48.55391792,0,E000
44.15250569,2.583713588,168.769808,0.371067634,245.1152601,3.374825054,428.9912002,57.8612227,0,E000
33.18668013,2.393195201,160.4228163,0.221083916,253.0609675,2.900528916,397.5292977,48.03717846,0,E000
41.43079722,2.645690668,156.0967398,0.388763644,252.1672478,3.501044824,377.2218801,26.03890905,1,E008
37.5511616,2.303946401,148.8178402,0.480599641,251.225494,3.242742161,423.1645904,52.34341359,0,E000
35.73948846,2.162699744,165.0272765,0.340283915,245.4929966,2.883497166,445.1580309,47.71575541,0,E000
30.69745804,2.241536842,158.6014534,0.523132581,246.2594064,3.529783698,369.2529915,50.19742595,0,E000
26.82973675,2.498895665,160.8550809,0.261365153,251.8058309,3.350318916,410.210183,57.70570378,0,E000
29.92804066,2.492864584,143.9203074,0.483718451,245.2439099,2.879780963,378.3397695,59.30484676,0,E000
38.6490084,2.085397692,165.0601323,0.31230078,271.5998533,3.364516749,361.8903018,53.86777181,1,E005
44.00123934,2.202015668,158.3171598,0.571098293,246.7076826,3.421557111,425.1876244,55.19512697,0,E000
29.87647705,2.349096986,146.5040163,0.292021747,245.7656864,3.535921093,403.0410688,31.97456181,1,E008
34.02774049,2.001473822,142.4972531,0.409701888,249.4817085,3.487732438,391.6708664,52.88446542,0,E000
42.78655564,2.76516961,154.7881089,0.266841266,245.1149797,3.296907561,390.6123808,25.21746563,1,E008
32.78591228,2.6778132,160.9360548,0.429109004,252.1332173,3.189612832,426.1805255,51.01048922,0,E000
28.83398542,2.911269789,140.7719653,0.46137277,248.8440893,17.43037581,372.3498754,57.70814231,1,E006
36.00453084,2.411958095,169.6650915,0.558502687,245.328255,2.800754434,354.2783268,53.64344118,0,E000
43.16901123,2.980987378,165.2958503,0.394354242,251.7512989,3.385840616,371.3838889,58.82096382,0,E000
40.06756371,2.357798265,162.4875524,0.219723595,253.6277078,3.544646138,434.7681198,56.84922405,0,E000
30.16266865,2.587585871,151.6544429,0.204018792,254.9580237,3.548917068,421.5105614,48.52988326,0,E000
32.40326711,20.95714813,144.931456,0.538315387,248.242499,3.274590177,403.8962119,54.94580796,1,E002
37.40145512,2.444043749,161.6119763,0.257550462,246.8863225,2.993756714,390.3570392,56.03976733,0,E000
34.46419813,2.583772781,166.4925495,0.275973897,253.5510942,2.81468458,443.0423493,45.06422637,0,E000
27.26476092,2.893090205,142.2810766,0.265826423,247.1120826,3.081084748,385.6983692,49.9240844,0,E000
38.25044569,2.481344152,165.9803572,0.551935099,246.9362381,3.210906707,446.6985018,57.39386594,0,E000
32.37795887,-13.98360375,152.8407924,0.306129628,251.523192,3.247208714,386.2410642,54.62231206,1,E002
29.96793217,2.758934406,144.729527,0.347986598,246.5148272,-4.490248487,438.6772509,55.97856299,1,E006
27.54121025,2.751375086,153.8033498,0.487205671,248.5672317,3.149825319,411.2166221,49.66788667,0,E000
43.27844398,2.367999661,166.8242324,-8.404841527,250.747092,3.24851434,426.8729228,56.36719959,1,E004
29.01287366,2.989587074,140.2924195,0.305393351,246.998603,2.811194728,423.23679,76.88526447,1,E008
32.01175118,2.607089579,140.4521015,0.447314008,249.8013494,3.203504563,429.5287045,49.43905452,0,E000
30.88931519,2.360233919,168.8826426,0.252988263,247.232554,3.278545956,442.8216796,56.8837605,0,E000
36.4024097,2.112903211,176.3563882,0.279579884,252.4350915,17.29212486,374.6848905,49.63872776,1,E006
26.45526013,2.079406585,177.3021951,0.258206193,251.1317036,2.870404822,394.394496,47.8252031,0,E000
29.2408968,2.142841965,169.958526,0.367187403,248.1725522,3.181703814,400.789421,57.49264639,0,E000
40.52825921,2.523329631,169.5546671,0.309866348,246.7641191,3.195077612,375.4021149,52.04703114,0,E000
27.32732796,2.190926585,176.8214354,0.552519018,247.9493114,3.198520576,412.8745226,59.29882284,0,E000
40.3797483,2.667804683,152.2886567,0.273699461,248.5230888,3.163416579,386.4202223,48.78147989,0,E000
37.15089704,2.306253621,163.2380152,0.423687253,254.3154441,3.527644343,401.2590925,55.34761925,0,E000
25.7862428,2.507411939,141.3869082,0.267499775,249.2418506,3.554638718,414.43657,49.82028459,0,E000
29.56909483,2.750939798,168.9611676,0.55265414,254.7090471,2.930053655,440.1224023,57.41168604,0,E000
30.15775371,2.387648805,172.5754712,0.240466248,250.4238656,3.462933715,435.1282212,46.66122762,0,E000
34.14004619,2.400145467,163.7140802,0.396507051,248.0348421,18.64247865,352.6693159,51.98807593,1,E006
34.48128434,2.927633719,148.4596297,0.421876701,246.2583869,3.157776228,406.9903697,70.48293195,1,E008
34.01246829,2.331492273,178.306259,0.529033493,251.6158202,-13.21485112,422.7012455,51.3760226,1,E006
36.94826204,2.457699605,165.2583517,0.574465217,251.6237186,3.054957806,435.4267693,52.74980234,0,E000
32.97009469,2.860139693,140.2751185,0.229066235,254.3359314,2.815234727,440.5373188,46.35878036,0,E000
27.68030457,2.517446352,177.0585519,0.470478299,254.8492911,3.487304288,368.2651619,48.3949626,0,E000
29.54604814,2.25422503,160.1638046,0.52498238,252.4378093,3.272799967,461.4095906,59.5906496,1,E007
38.17387263,2.16577454,152.5551231,0.285417142,254.6236532,2.823197395,407.5719305,56.64209106,0,E000
39.26489574,2.737433769,164.2738782,0.480323367,254.0076016,2.807631163,350.7219947,47.33385487,0,E000
36.61176701,2.753427922,168.0842982,0.295599072,245.5633328,3.048480777,442.4147949,58.84764043,0,E000
41.74562547,22.90533789,145.0107038,0.445309308,246.9945867,3.010007713,424.5584338,59.66501577,1,E002
40.99710512,2.909943144,159.251118,0.239695066,252.4823881,3.121322501,413.4227999,54.16821497,0,E000
35.79914261,2.889127924,170.4884823,0.268434387,247.7005847,2.82548541,351.2290661,52.03521646,0,E000
44.801077,2.40990489,160.0510258,0.290904421,250.2023049,3.337094407,402.5250465,54.42273907,0,E000
5.160257247,2.196510289,163.4691631,0.537176256,250.8655856,3.097816207,358.0228563,50.42497354,1,E001
28.50742557,2.369813256,156.5656427,0.414275588,246.2818807,2.917098453,386.7832224,58.15271997,0,E000
35.89746569,2.487565363,155.247,18.85814168,245.0521252,3.546893215,401.1515136,55.51097821,1,E004
33.74949844,2.702633773,141.6103201,0.533783301,250.791298,3.204022437,385.3548854,47.05042612,0,E000
42.31014252,2.798380341,149.0508972,0.29401252,249.4673953,2.804616529,443.2161719,46.51614739,0,E000
36.63942804,2.807070904,168.8153599,0.469443933,250.5182873,3.260416174,436.9340108,47.1040082,0,E000
37.21240085,2.345877461,158.6134774,0.518044113,245.7833822,2.874629908,365.2887116,45.47185793,0,E000
44.69682398,2.062457594,144.2193371,0.362532892,248.1318205,3.011893006,401.2688072,47.37358894,0,E000
33.05731478,2.65077339,190.6167482,0.595909766,248.0218551,3.022023034,436.4427629,45.05059415,1,E003
26.03363442,2.261705684,164.4585444,0.297598121,245.0916555,3.410892239,353.7253881,49.7323381,0,E000
40.94852043,2.787549086,140.5544854,0.266714934,251.2494377,3.425916647,444.6308899,47.65606383,0,E000
43.67750035,2.214406483,147.9687874,0.262277039,252.3340185,3.1471482,363.964233,53.49586081,0,E000
38.91948412,2.411095603,152.4751774,0.354515082,254.0808369,3.367451436,399.4125741,51.64305759,0,E000
31.66003826,2.2176674,147.8594787,0.542811611,246.3351555,2.875394453,374.0535087,45.69529904,0,E000
43.1270877,2.825978213,177.5392863,0.444150424,254.0395307,3.25185533,406.914157,49.90787409,0,E000
28.48732858,2.542237205,154.8586905,0.290992641,249.3604697,3.060402671,399.3500364,58.12993624,0,E000
36.15048752,2.035195002,163.5991042,0.374831503,245.240377,3.539543002,351.0566872,79.42686121,1,E008
33.20611227,2.504624683,123.7684002,0.549708811,253.8288531,2.982158971,439.5909139,50.12326848,1,E003
35.29106183,2.087479606,166.2339579,6.998673788,247.6351145,3.521846379,378.434391,54.80915508,1,E004
27.20103849,2.774633781,144.0391243,0.341918916,250.6588861,3.478734181,352.8631194,59.61363788,0,E000
26.98882786,2.24193168,153.8192341,0.466378866,248.0623925,3.169712379,395.0390076,51.82359904,0,E000
31.81607081,2.287137958,141.2977378,0.389773966,253.127329,2.807760284,435.9728784,48.84627554,0,E000
36.66083122,2.317586795,163.4649567,0.445246496,248.5528964,3.040735259,386.2178758,45.79236967,0,E000
31.60424673,2.320207984,155.3225125,0.452105011,249.4206071,3.302908437,330.447533,55.94409431,1,E007
33.80304987,2.414129753,177.1655808,0.573026683,254.6802217,3.502492158,377.4572316,52.26514353,0,E000
39.92089759,2.352374947,154.9383178,0.305420592,251.6995349,3.160429231,438.2048186,54.49660234,0,E000
27.96686402,2.458940517,155.7328268,0.274762919,253.9779581,3.29127259,354.9922486,51.71069734,0,E000
36.43225379,2.371172423,145.2389497,0.307852004,249.2089653,3.382776756,355.5483942,48.1279131,0,E000
40.15692221,2.565330255,178.7230553,0.235431336,249.6086874,3.12856032,425.8794143,59.65781609,0,E000
31.78059582,2.555084949,159.5849785,0.509794241,254.2850775,3.215149891,355.1206349,54.24719038,0,E000
42.31931907,2.94473679,166.5790785,0.392805957,248.5228108,3.192740075,369.0352228,29.23104213,1,E008
38.20394753,2.936822462,177.4193805,0.589961709,250.3403611,2.901745963,437.3559602,47.93758863,0,E000
38.94031482,2.184476253,173.5672158,0.444536662,245.342979,3.433568812,392.3956179,57.91282542,0,E000
27.13364795,16.52520876,175.6124996,0.500497612,254.6526187,3.56802603,372.5685093,55.88026308,1,E002
30.16488777,2.070932216,157.0448495,0.270356113,245.8922217,2.963603471,370.2467542,46.32469082,0,E000
29.334796,2.836117703,150.0869151,0.252683814,250.8073714,3.586355937,448.6796594,52.06876075,0,E000
34.27104447,2.737489484,145.1254016,0.404841542,247.7906028,2.92893095,392.6280906,29.51522338,1,E008
36.08356005,2.105364922,141.9345084,0.250844196,246.6393172,2.883585916,444.1974432,53.57459585,0,E000
44.56068824,2.157941486,161.4207127,0.586533374,246.5658138,2.949047694,442.6816354,67.2795003,1,E008
38.66517527,2.397836626,162.2053515,0.351481342,247.625086,3.028944697,366.4670263,45.63542898,0,E000
33.6061179,2.694595427,146.7311435,0.587367652,248.9763499,3.01559204,360.0693601,45.93476588,0,E000
29.40366404,2.288884939,152.256618,0.269799395,248.3720204,3.331846207,422.9772637,46.48299508,0,E000
36.57196981,17.37255791,166.650521,0.305909466,249.0812513,3.274092649,353.5928465,52.24252352,1,E002
37.65158728,2.368163514,169.3808063,0.397954256,230.871276,3.464367672,373.680177,48.31595633,1,E005
27.5533327,2.802548303,162.6212751,0.56063425,225.8786149,3.513494564,407.6459856,59.00840157,1,E005
32.93085565,2.487667069,151.0095672,0.45617891,245.9949623,3.138294727,393.3696933,49.38499967,0,E000
28.41509102,2.036707983,147.4229841,0.506017276,249.0512607,3.498016413,455.3337553,55.75070414,1,E007
61.45406539,2.133998681,143.5407621,0.563261577,250.3550839,3.48624075,355.8151121,52.89773425,1,E001
7.17154455,2.177655908,161.2832228,0.342492604,246.2417975,2.839923137,405.5871385,45.31123311,1,E001
29.73741118,2.507805064,148.1625755,0.376741483,246.3260399,2.830197854,361.1800371,47.73797327,0,E000
41.34899417,2.694640959,140.4801211,0.331302036,245.1526484,3.1661055,412.9672652,57.75679377,0,E000
29.48881144,2.640615184,158.8659796,0.249327396,249.1291119,2.997016587,400.8876251,54.5595724,0,E000
40.5969079,2.497539852,156.4273053,0.302266489,254.2172667,3.558442625,424.4303717,57.25452676,0,E000
26.61838566,2.760851331,164.5674498,0.494717827,245.8520048,3.410122047,430.3124166,49.72033461,0,E000
43.89464045,2.853784922,148.4042877,0.208792726,246.0466063,3.555031111,437.9720533,50.1594092,0,E000
41.25971477,2.160365406,175.3791491,0.547816468,249.7675388,3.508859174,435.6267654,46.82334944,0,E000
39.04929941,2.234973405,149.9516715,0.412020936,246.418444,3.114228517,388.912301,45.68895048,0,E000
40.88050379,2.139196701,140.5158988,0.504944485,249.4959891,3.061776947,435.8751259,48.50368625,0,E000
32.72205276,2.786278199,151.9976828,0.40237032,245.519661,3.356183725,420.5113147,50.57125368,0,E000
37.77051895,2.901940197,167.3016192,0.277335693,249.0608213,3.57294242,386.5045693,45.33520183,0,E000
29.20924434,2.366013392,175.2139278,0.252714667,232.5903752,3.021128433,406.8727942,51.77455027,1,E005
34.06577669,2.707086477,175.3309441,0.578861174,251.2146442,3.464200154,358.8975536,54.30838793,0,E000
32.09244315,2.500603571,177.9709242,0.22237054,248.5784116,3.196940741,443.2681902,54.3650329,0,E000
31.57503221,2.045648746,149.0431628,0.284685749,250.6115021,3.40395216,420.6765282,45.97158299,0,E000
44.7557104,2.466309756,162.0264184,0.477652662,247.5793951,2.825650814,416.6538455,56.7139977,0,E000
29.26357058,20.16396283,153.2391478,0.269384799,247.0919417,3.295347023,374.6035226,58.15920347,1,E002
36.90770035,2.066009844,178.7728725,0.530175958,250.9180791,3.485028102,366.6838234,50.57843999,0,E000
27.17720893,2.032913769,164.3182874,20.44584699,249.8416425,3.174465297,414.4963771,53.33452136,1,E004
26.35225127,2.372533274,171.0719375,0.571968705,245.0371966,3.008960137,422.5968779,53.27626324,0,E000
27.49325362,2.448319055,161.7737955,0.484168726,254.0191611,3.366659239,446.0252325,54.92835832,0,E000
32.84890215,2.385511905,169.1511222,0.554638177,252.890406,2.815104703,440.4425342,55.82864361,0,E000
28.34067892,2.196925704,154.1932742,0.318885646,248.9408365,3.125254246,384.2307285,45.09192971,0,E000
28.12874085,2.021823397,157.7119255,0.396407905,251.925728,3.261642673,423.9796372,46.52361816,0,E000
30.37354719,2.089289525,140.8826459,0.549906425,245.9612585,3.028324232,433.5535501,56.46845577,0,E000
41.98537501,2.669890868,169.3173049,0.293667474,248.7126692,2.917841077,400.5765442,25.04255779,1,E008
39.75669677,13.32595994,179.1190448,0.481541074,253.3139084,2.832197499,373.592011,50.6125664,1,E002
34.01678743,2.846968854,143.4412863,0.288188192,248.3645035,2.931787207,417.6056005,51.85470539,0,E000
32.96755351,2.31909534,175.4856799,0.219697761,246.3638539,2.865923548,455.1591114,57.92485733,1,E007
33.67703298,2.114768872,142.2242209,0.581322867,247.6481632,3.501033879,426.7278301,58.90897305,0,E000
40.01742136,2.79791416,146.9009551,0.427721994,254.3244398,2.860074917,359.1066182,46.43503066,0,E000
37.66801709,2.140024098,172.6922125,0.257696008,251.8743686,3.063482819,422.2433423,56.08241156,0,E000
27.28466712,2.140899638,174.1422545,0.435489236,253.7370918,18.70616945,410.9312192,45.72508356,1,E006
41.45201121,2.610225149,171.0097621,0.547191851,251.8927932,2.912522671,373.5471417,59.11888596,0,E000
39.85413042,2.737884985,149.309134,0.438110736,254.5094135,2.892319887,395.0623425,55.88638313,0,E000
42.6757177,2.943701593,151.527381,0.568016021,247.6911975,2.936755915,404.8483586,59.2147748,0,E000
25.58494566,2.175221772,179.8779767,0.286185163,245.3859156,3.453807415,408.9779601,49.13594455,0,E000
30.03564592,2.432076883,172.3609456,0.368294625,253.6715215,3.140001931,406.5644882,50.36575147,0,E000
41.13122296,2.770158212,179.5802133,0.25065485,246.1530109,3.102374685,440.1653387,57.95800134,0,E000
39.63987884,2.311816133,179.9557045,0.428362822,247.1938939,3.024508464,380.5431693,55.21758826,0,E000
27.94146962,2.743593916,154.9888788,0.431917138,250.273109,3.427349743,380.0957716,48.18934784,0,E000
30.45248001,2.057732159,157.7940973,0.409868923,249.318051,3.516084981,397.5227467,52.80933698,0,E000
26.95668321,2.250966661,163.1156445,0.537525145,246.2628347,2.839326819,397.9040726,59.88057711,0,E000
25.50772711,2.226028998,164.0722694,0.315660134,250.1762983,2.860443595,380.0227112,52.0175702,0,E000
39.81537236,2.587769361,157.5271445,0.596114068,251.0095719,3.443287397,386.8882522,54.21046798,0,E000
41.89750622,2.238796211,172.8392407,0.331751708,254.9168614,2.875907384,447.6482776,56.11214047,0,E000
38.13808212,2.744689022,133.7482183,0.508575908,245.4781635,3.374331521,441.0875209,50.20453498,1,E003
26.62697561,2.858177053,167.3546581,0.386904398,249.3404887,3.050695525,376.5544185,47.25230466,0,E000
41.20226789,2.831697044,141.9845749,0.33878358,249.3243717,3.01059694,435.3013559,58.19125965,0,E000
25.30913233,2.788614965,170.4230257,0.584298521,254.326481,3.213237208,376.6656192,52.10675043,0,E000
31.15859883,2.742881494,155.0945271,0.467726167,252.027383,3.178234676,411.3712182,57.84561147,0,E000
25.79237651,2.734443932,144.5036187,0.564883028,251.8587628,3.137101553,393.3076103,57.62537652,0,E000
36.82550871,2.019116094,141.6631584,0.593830359,248.2053617,3.444014155,417.0415515,46.08465862,0,E000
41.45228637,2.792758114,159.3040494,0.557403989,250.1712089,2.918507138,393.1716885,54.86667611,0,E000
32.28539722,2.617066516,156.3382233,0.241390025,254.7066803,3.448984447,387.2400666,59.34823363,0,E000
33.96891044,2.152104283,163.1052702,0.510350902,251.1165568,3.186315549,401.1295746,48.23314928,0,E000
43.26481105,2.518078766,144.46372,0.51271193,245.7442842,3.129128745,363.2211523,59.81973967,0,E000
33.56095584,2.326023452,186.9658362,0.486664967,254.8059212,3.443646972,436.0016753,50.39455115,1,E003
30.88897784,2.08860043,170.7779558,0.493264151,253.7825247,3.287766556,422.8902136,51.44323685,0,E000
36.46875776,2.89398971,164.5588123,0.483048234,250.0911339,2.97251181,384.8274615,49.7081906,0,E000
36.35081697,2.552707076,153.7636647,0.500064333,250.8586305,2.811968959,391.5703578,46.09025867,0,E000
41.119851,2.500112752,164.9284149,0.559438764,253.111626,2.98570713,350.5594156,50.81372501,0,E000
33.77942841,2.0336136,140.4113798,0.475107683,252.2033337,2.962456474,362.158735,54.25328675,0,E000
35.85448887,2.877090581,166.9002905,0.450721052,248.9434115,3.554330169,409.219018,56.21664957,0,E000
36.3977937,2.201312108,155.5490539,0.377077481,253.9409954,2.835801147,366.5877925,50.19866982,0,E000
35.99057765,2.667919999,143.3875337,0.213750743,254.7205347,3.275465387,415.3602953,56.8511119,0,E000
27.63829317,2.340288206,160.5694193,0.540820674,251.4174325,2.940826241,338.8149868,46.12789272,1,E007
37.64528576,2.768922782,153.2540887,0.312513825,245.2388419,3.168775674,427.5315754,56.22134049,0,E000
31.7930369,2.428149442,156.1469463,0.48506449,254.1779563,3.333404849,397.1582596,74.61456986,1,E008
29.53312804,2.559059285,174.1818957,0.351582364,250.8333291,3.585132577,387.3464217,47.46325437,0,E000
32.11345433,2.295301478,166.6608791,0.517582034,251.2470067,3.563710122,403.3956547,56.68482759,0,E000
43.54001936,2.654132737,176.9041503,0.575379056,249.1392606,3.242743649,367.2657401,49.56273716,0,E000
44.11047392,2.179253256,161.3823688,0.299124977,245.2917067,3.542248049,418.9564411,45.55762932,0,E000
33.29639005,2.301265261,164.1411523,0.37521763,247.1456482,3.251440852,387.2468939,51.88152435,0,E000
25.47810705,2.345474204,145.8277236,0.431958239,248.8372676,-8.197996946,370.9348116,55.20266027,1,E006
32.94367059,2.520169892,176.3207418,0.399587178,250.9298475,3.381583897,383.2309911,59.33121247,0,E000
43.49387237,2.636291354,154.4561512,0.271665567,254.3482204,2.940955525,375.4217829,45.77581324,0,E000
38.55128724,2.81778533,152.5550199,0.277070559,246.9892978,3.557736493,386.5025304,51.95670896,0,E000
27.73637262,2.311863858,143.0875012,0.541017058,246.6452537,3.14215343,382.7091506,58.10997017,0,E000
38.33728515,2.544253966,146.2309304,0.203639273,250.904261,2.802497321,438.4682377,57.94540422,0,E000
36.10401623,2.246678865,170.4978783,0.22007014,249.7070595,2.869551649,447.5604969,53.49278976,0,E000
39.96519381,2.411021075,149.1997502,0.257547187,252.1411914,3.489722367,392.9745381,54.06108151,0,E000
36.44709024,-11.2930409,163.0295573,0.285735952,249.7102908,3.167553209,412.2876149,48.89421148,1,E002
29.75275088,2.841998553,143.290893,0.366865712,252.0262958,2.924601298,360.0367495,46.85820848,0,E000
29.43944324,2.647817446,155.669698,0.430316988,245.534346,3.038383836,431.91645,52.22033748,0,E000
42.34144637,2.27307081,168.9839315,0.372722838,251.2317242,3.244989115,430.5928153,45.58865364,0,E000
42.47157248,2.992816839,165.6601793,0.470728017,249.852556,3.060712115,420.5619804,56.89266801,0,E000
39.63935677,-13.13686445,156.5876062,0.24963875,249.1990755,2.955386344,391.5559532,50.76508542,1,E002
32.30101308,2.802221319,195.2667357,0.449131695,246.5288885,3.475832288,369.5775111,58.98423216,1,E003
44.49065107,2.222065175,158.9065892,0.224455052,265.6993419,2.835728023,383.5124267,50.8715403,1,E005
25.36443651,2.51938586,176.0965213,0.325133679,253.8683154,2.907179893,434.5419202,46.1650862,0,E000
26.87349536,2.619589337,148.7283014,0.361987435,254.5959215,2.976053004,410.1025877,53.92452536,0,E000
31.91334567,2.516572628,142.051754,0.437473848,250.3657819,3.361731463,363.0698254,47.01357629,0,E000
44.00215285,2.698942392,160.3840756,-6.648315181,245.5976661,2.814171928,437.8116722,57.13629474,1,E004
42.53531274,2.039459533,143.798611,0.293207586,245.5515659,3.024107295,407.6909535,56.37668935,0,E000
44.60918342,2.538115125,158.2073339,0.384845969,249.2834239,12.70376402,442.6788783,52.35345122,1,E006
35.37581243,2.128095746,150.2585224,0.476688046,248.1725917,3.440291351,375.0056759,48.5739362,0,E000
44.74552259,2.87275384,166.8437263,0.420228254,249.4273593,2.831098958,351.1154587,56.71461601,0,E000
33.29248247,2.48762781,177.3891966,0.336628155,251.8914336,3.598736987,421.3028202,48.72804003,0,E000
25.92005284,2.608527273,149.8663446,0.43845706,249.8644239,3.554852174,409.6856861,52.09641807,0,E000
41.57830948,2.48407707,171.9005618,0.313869896,245.9505654,3.559255515,394.0144207,57.01039201,0,E000
29.94462149,2.597668283,153.4932244,0.485583179,251.3809273,3.27927946,428.1490243,55.68281973,0,E000
37.52440643,2.102515964,169.6791092,0.229234036,246.0075284,3.350370272,433.164004,55.90110848,0,E000
34.04879032,2.828469299,162.2585855,0.332365906,251.0322214,3.412627434,350.2454586,49.90800033,0,E000
40.2045572,2.688274236,162.5567827,0.266615405,253.3692783,3.527134195,350.5720932,49.05007495,0,E000
28.6680902,2.994866317,162.6472276,0.452308168,246.3088114,3.001761922,428.406178,59.83776247,0,E000
38.02840777,2.781823863,172.8195034,0.371016742,252.3595356,2.990012896,371.6188574,51.82516548,0,E000
43.55504566,2.960135604,140.2585743,0.460102028,253.0313309,2.835123691,361.6053459,50.53016136,0,E000
30.49742856,2.677613176,141.5373239,0.427291126,248.9842517,3.582287707,463.2840163,55.68543995,1,E007
37.15817895,-10.5867495,166.0175306,0.58250864,252.648374,3.124205424,424.8275374,59.24541271,1,E002
35.27978978,2.104224803,178.9520165,0.540341103,251.7418695,3.509271677,397.2462114,55.58253991,0,E000
33.63319092,2.723973055,171.1806681,0.56407845,253.7133359,2.93528312,378.0590216,54.19682961,0,E000
43.29691802,2.740476132,142.2752559,0.473890066,248.2662191,3.306141628,410.8504613,48.49575148,0,E000
26.75732998,2.051668722,145.5701628,0.422900733,254.5060637,2.871365247,384.3430588,48.53463498,0,E000
32.49741159,2.979104938,154.1959073,0.209857762,245.7924961,3.329219459,363.9187803,47.2897947,0,E000
42.49403345,2.388165706,156.8004402,0.431908577,248.0321955,2.892540179,405.3773954,51.66573543,0,E000
40.59751092,2.783791784,166.4666904,0.210842661,251.2150731,3.258721301,399.1811322,54.8909862,0,E000
39.49533543,2.544482333,171.2970325,0.573277167,251.9186391,3.419581935,437.6203362,45.8492246,0,E000
34.04398057,2.24837626,175.527654,0.59230447,247.9510886,2.823633575,441.780254,58.31383486,0,E000
37.33300629,2.932924863,146.7543385,0.483894834,246.3865253,3.5462233,436.177384,56.42954617,0,E000
35.48780539,2.050226011,156.5930262,0.362585087,252.7787771,3.135399399,436.1249385,51.29804386,0,E000
44.92667832,2.101372898,177.1523184,0.40607689,248.7360566,3.596413159,362.6102696,45.36995532,0,E000
34.59751241,2.70772135,156.6327427,0.254422494,246.3637111,3.357672911,439.5798858,50.13649213,0,E000
28.62298699,2.219553923,176.3819389,0.562746631,254.4096579,3.514918919,412.3431793,50.02573756,0,E000
32.92484038,2.757310207,169.384332,0.303422905,246.3035168,3.451063305,445.4258442,59.70810456,0,E000
37.8174949,2.280683216,148.4450377,0.262704171,245.246973,2.856819654,383.893622,48.10627237,0,E000
34.78849927,2.293308611,162.1892721,0.577506553,245.2090951,2.928247232,388.377393,58.3515821,0,E000
31.11048621,2.382798764,151.0701653,0.428926074,248.8198005,2.985432222,385.6796256,56.38479661,0,E000
33.05960358,2.187722406,149.4643913,0.381366492,251.5009245,3.141953537,392.6673981,52.22861353,0,E000
42.25594155,2.535656599,168.2911565,0.225301364,252.4354427,3.042976763,372.1221514,50.00763097,0,E000
61.87311509,2.882605624,178.6901849,0.375628246,254.5033547,3.378631959,357.066819,55.22674682,1,E001
41.35934048,2.580088835,175.8954287,0.400350642,245.309706,3.395682943,422.9013421,54.02064317,0,E000
43.18640804,2.011031264,179.8252444,0.506538885,245.8540848,3.327324436,381.817521,57.89291558,0,E000
32.95188796,2.80669352,153.264674,0.580297885,253.2621738,3.456825558,360.0211349,47.57269496,0,E000
35.22684798,2.298725574,164.33278,0.393669213,250.0369176,3.558186243,421.3914584,54.96563116,0,E000
27.95271928,2.456067145,141.543448,0.207119199,249.4013042,-12.45041192,422.4240787,58.43105587,1,E006
37.72820823,2.737508359,172.1056125,0.593178752,246.9957162,3.371322517,432.0627393,46.20048855,0,E000
38.27609055,2.258711642,172.8500062,0.233906462,251.6407412,3.533879121,387.7545423,54.23688828,0,E000
15.24479148,2.213484584,176.2347643,0.559609491,246.0221131,2.914286743,436.2018639,50.98406656,1,E001
32.68094766,2.609870918,160.0864022,0.487413317,246.5616496,18.25449196,377.0953732,46.84880562,1,E006
40.11102277,2.185195568,158.6003807,0.373812385,253.0191395,2.999893972,373.5687114,58.04718549,0,E000
29.56159544,2.337206576,158.0140154,0.295747935,246.9731397,3.219947267,389.9299256,51.31023356,0,E000
26.55469274,2.86456361,173.3171886,0.473004692,249.8746784,3.58217025,397.7890661,47.3439201,0,E000
25.28702619,2.881009669,154.1442601,0.597817557,249.4237717,2.950078201,427.7143569,77.23431546,1,E008
42.96061098,2.001992135,154.8832902,0.348508368,252.4674331,2.992101296,419.5407149,59.39590257,0,E000
42.77216981,2.560458205,163.3355948,0.391225018,262.971196,3.23749352,449.7173128,53.49071359,1,E005
28.81375441,2.955115207,166.3240887,0.449018796,252.5331293,3.430495152,384.6363503,57.55511694,0,E000
26.34701203,2.332191033,163.0024229,0.257114255,251.5477575,3.573770565,351.0963653,47.88864146,0,E000
27.23839239,2.24202208,174.1577153,0.513139447,252.6075931,3.526551677,373.8986588,51.89380509,0,E000
38.76456084,2.979029359,149.4380716,-9.930282375,246.6439902,3.027330245,424.2985323,52.16286054,1,E004
32.19947036,2.0160364,162.4979577,0.249504266,245.8004132,3.404399255,330.6148733,52.72883046,1,E007
41.118508,2.661968945,143.4161212,0.265892358,246.7110248,2.993935051,412.4424927,52.90124625,0,E000
30.48110441,2.298052209,157.7030938,0.437430102,251.0375514,2.936947795,426.701253,57.81001235,0,E000
34.43152377,2.4855897,142.7757634,0.528339604,245.2256858,2.851455379,370.2462184,48.916002,0,E000
25.11044234,2.892084689,164.387897,0.208403663,251.2000133,3.0294935,447.9261866,50.80733091,0,E000
38.96323428,2.976800329,157.2520683,0.307257292,246.2903641,3.530862409,368.4368238,56.15605222,0,E000
37.78239876,2.95149071,152.4123393,0.346146737,250.8933164,3.468183433,384.2892091,49.89277592,0,E000
42.41499803,2.866095634,173.1009478,0.569863444,247.8815214,2.871143618,365.1587912,49.75610654,0,E000
33.17468342,2.476436986,159.0966476,0.540053094,250.2781211,3.498907058,354.5550156,50.64220965,0,E000
38.91497378,2.212644376,169.2594544,0.344917396,245.5357656,3.318956034,445.4345952,53.61242999,0,E000
34.10440298,2.978525468,173.1483594,0.387921729,246.697585,3.557981788,383.6368712,46.48584651,0,E000
43.21854369,2.28003733,160.5638177,0.547878354,253.3299414,3.040927216,412.6463855,45.65341021,0,E000
36.53032951,2.702540502,148.6533111,0.546638275,245.7869858,3.372189483,448.5974318,49.06084137,0,E000
41.19763171,19.40581073,155.5624284,0.50064822,248.8677021,3.518965464,367.7222383,49.38521136,1,E002
43.01403728,2.603637201,140.3964278,0.446171566,252.1200796,2.862821749,436.0930483,46.42245658,0,E000
42.13396446,8.701657253,178.9708896,0.531459964,246.3159408,3.537438205,395.0688289,50.57846986,1,E002
39.95289225,2.850118868,154.1598228,0.421745616,251.1540568,3.057267152,407.0248125,37.84936493,1,E008
41.79722606,2.391859373,147.4567922,0.253991394,245.5168568,3.221415126,440.9718312,59.85847819,0,E000
28.07653153,2.242798265,178.9035815,0.260405247,252.2608076,3.182414645,464.9166986,51.58750786,1,E007
40.29619602,2.666847391,144.7684177,0.42021812,246.8121804,2.908986921,389.7957277,48.55697404,0,E000
36.8587987,2.565085312,162.0212672,0.509136033,245.0234747,3.586150592,444.4835453,59.3851063,0,E000
26.56912763,2.062653203,168.6419989,0.309389806,254.1828504,3.12156154,405.6057335,52.63503275,0,E000
33.9061051,2.946733729,140.0239176,0.406852757,247.3600793,2.846534207,414.7159561,53.09259861,0,E000
42.91046457,2.316761677,178.7889453,0.272705439,246.8357963,3.301427054,370.7749273,49.10985901,0,E000
27.64157565,2.813802177,172.5129358,0.434767743,252.6064794,-4.743790012,436.2800034,52.47222656,1,E006
44.51220402,2.432346226,144.2464141,0.392760067,247.4793245,3.176400575,371.6686644,46.99840122,0,E000
33.43441854,2.076979467,171.1218523,0.36228577,248.8495872,3.248431482,432.1646597,50.20285516,0,E000
33.13815921,2.105393218,145.9402713,0.424046393,248.6509392,2.887702556,433.3056941,57.68971939,0,E000
9.279166973,2.521394736,167.3310644,0.307775396,250.9872334,3.15514692,409.6960287,49.36319598,1,E001
30.41664503,2.487571194,178.5344128,0.410437605,249.1591365,2.898328946,377.3502866,48.48891955,0,E000
44.4602111,2.588202267,140.0261356,0.233028863,245.4006909,3.123048804,382.3609469,49.04035377,0,E000
35.0544078,2.833649962,173.2607333,0.20666862,254.8921668,3.363148726,382.0010989,59.87889927,0,E000
43.6873403,2.853961967,163.4225492,0.378749678,246.8790359,3.00193105,414.1490369,47.71459596,0,E000
37.10481515,2.096710502,158.6524886,0.374482919,253.5252301,18.19553093,445.1807602,59.73540563,1,E006
40.98831758,2.530937678,147.411074,0.367573191,250.4893252,3.201080795,410.7623576,54.89886443,0,E000
36.41219493,2.427601334,153.7036433,0.203398231,251.2274128,3.00104615,367.4996829,54.66362101,0,E000
39.32955934,2.492531781,165.624862,0.365600421,247.9882583,3.560550455,361.5390229,26.5136656,1,E008
29.61339623,2.436995886,169.4010074,0.476770945,249.9061358,3.010339398,354.2334946,50.75263537,0,E000
31.3231221,2.270806328,151.3673718,0.290265833,253.7127699,3.02226632,405.1779284,55.223025,0,E000
27.20948226,2.241893294,146.3494705,0.594627796,248.4582857,3.5127963,370.446672,55.95849406,0,E000
26.02957502,2.8869249,152.0967805,0.382755229,253.8249511,3.374882993,402.0991389,57.12690434,0,E000
36.19280663,2.295290494,157.6813368,0.559012931,247.7742673,3.204131215,359.1084415,53.18554524,0,E000
32.93846552,2.179255612,154.7654478,0.235256897,253.6267516,3.002283983,444.0316153,57.56344102,0,E000
32.16645857,2.653290245,149.3598592,0.273464616,245.0995363,3.177314478,341.4919838,45.80478246,1,E007
25.74696377,2.158908168,160.9894255,0.427682585,254.2322375,2.846230558,350.9005664,48.50093178,0,E000
35.15220757,2.430529338,159.1411348,0.586179454,248.368477,3.547087037,433.4454215,50.81489851,0,E000
26.09523278,2.687722042,167.5724165,0.314161627,254.7121991,3.318827327,389.7878587,55.67823128,0,E000
26.26749941,2.67712064,151.8372812,0.351326243,250.5681836,3.546276977,410.8758325,57.31013075,0,E000
37.26822778,2.960626976,141.0079638,0.51521406,247.1004734,2.944523922,444.7284323,59.17313463,0,E000
19.6884817,2.395522136,177.6407929,0.548542936,250.1144283,3.252181105,350.5933497,48.23251734,1,E001
26.15685353,2.792595116,163.9719715,0.481312022,250.770204,2.815338329,393.2851107,59.61476456,0,E000
43.99041247,2.600651067,176.1697317,0.213369429,245.7869768,3.392623894,350.5803769,50.24171461,0,E000
25.57565353,2.43042741,156.7850953,0.543440043,254.4577472,2.982684491,425.0523981,52.02869707,0,E000
39.18121039,2.571745983,156.6058262,0.22390491,253.011715,3.247906532,404.3534378,52.56865452,0,E000
26.03647074,2.071711889,157.0559343,0.240061999,253.3289359,3.154349697,408.8759464,52.13838766,0,E000
40.10540841,2.716397112,164.0987668,0.597825703,251.8910908,3.42385494,356.3033652,55.17808866,0,E000
37.45933167,2.599044587,170.1827744,0.579516199,249.2063024,3.54662113,436.9768568,55.02355525,0,E000
32.97645562,2.837908375,146.4677821,0.246699161,247.0113654,3.492560794,413.6040355,50.17310676,0,E000
27.08219299,2.541760964,165.9385823,0.521284849,252.1566265,3.477609628,368.2893772,51.68150513,0,E000
40.59522111,2.239035943,150.2787542,0.322848278,250.9801836,-3.763647983,417.8864089,56.6864691,1,E006
43.12944222,2.057647582,169.157568,0.328006445,253.2964381,2.959504655,372.2521044,55.40092504,0,E000
28.59366218,2.250893046,168.2548799,0.573613196,249.3621442,3.528638329,360.0228257,59.38179966,0,E000
30.09635247,2.1568337,167.7030952,0.237275514,254.3779229,3.461349043,468.6000322,51.12907456,1,E007
28.73037021,2.164814816,166.6884935,0.387762737,248.621816,2.941985468,386.6253006,59.65862348,0,E000
28.28531596,2.602942876,150.8781824,0.598489797,245.8464875,3.180753774,436.3623001,52.35178854,0,E000
25.44247103,2.000011635,176.3701078,0.394106697,245.957542,3.37250844,438.119734,48.01306104,0,E000
34.31196036,2.727939307,177.1657887,0.378207126,251.5399422,3.196655578,350.9959741,55.54276235,0,E000
33.52362604,2.230416662,153.5696264,0.344707325,253.3940804,2.950432874,361.963044,48.34518962,0,E000
43.1835403,2.789407952,170.0238945,0.588376113,248.6619683,3.288778917,466.8633341,53.45068437,1,E007
34.48428433,2.302915729,155.7258852,0.514689206,253.5672995,3.168547979,392.3585827,50.37551448,0,E000
25.73366406,2.63640137,169.5180379,0.266739431,251.6373436,3.367843771,435.1836809,54.24147843,0,E000
28.84578038,2.108025754,161.1976235,0.593635786,251.8602422,3.549252489,426.3647033,56.48247751,0,E000
34.79788284,2.378690663,167.7954834,0.527037819,250.4424971,-11.48383534,355.539073,54.24534485,1,E006
25.46543871,2.451239344,162.6642104,0.477351015,252.704378,3.066406106,440.1838316,54.02206651,0,E000
28.15892745,11.45951968,151.6560907,0.540362529,249.5846761,2.819196757,399.4586251,46.26815003,1,E002
35.39547897,2.839801607,151.9060111,0.28707992,247.0728252,3.375125556,379.4321744,45.02000459,0,E000
43.40600541,2.449139688,161.4572159,0.496837037,273.3601789,3.373064822,449.7884708,50.227587,1,E005
29.59909212,2.661014254,152.4825618,0.486872579,251.4220964,3.398529439,412.7375504,47.73714497,0,E000
38.62235708,2.959862803,162.7582193,0.434947947,249.863721,3.033213543,414.4396162,56.67818732,0,E000
34.13023513,-8.278575836,143.7725061,0.37125122,254.8325761,3.063066438,437.6429275,57.64798712,1,E002
34.9035382,2.733614381,161.1070986,0.250446129,246.6695018,3.339353693,371.4007113,46.93405958,0,E000
42.46846476,2.968537332,174.641427,0.276496852,246.8125026,3.185106169,406.4812781,48.98619564,0,E000
56.73777153,2.687173693,161.5769868,0.399343174,245.647042,2.915437922,438.3057729,51.15246473,1,E001
34.67091293,2.171693908,177.6396929,0.364239479,252.5298619,3.295481045,366.4654688,58.32461621,0,E000
37.72860499,2.290045532,145.5348638,0.376241246,249.4075494,3.131788642,377.0733732,50.17806047,0,E000
37.41831036,2.654650687,152.4875895,0.32788834,248.1484116,3.477240621,411.2079318,46.59458732,0,E000
26.02479082,11.76618536,159.9868097,0.498698709,250.6266678,2.866642066,368.5580237,48.28992276,1,E002
38.05492216,2.071775806,174.8765225,0.426743373,252.4722465,3.529988043,440.4929517,45.54382343,0,E000
38.80789657,2.345223143,142.2672173,0.562794207,250.9711662,3.373922844,409.5926812,57.95935542,0,E000
25.11517321,2.249956946,147.2063459,0.234647904,248.2937807,3.527858913,377.1177786,51.47048185,0,E000
31.71412782,2.638877756,147.6286404,0.565144285,249.6611452,3.060461467,455.2452,51.47779299,1,E007
34.74123838,2.55733717,142.4778607,0.522037351,250.1387583,3.499761587,379.7876332,47.54570125,0,E000
38.79053502,2.936280621,145.8408408,0.346514554,247.518147,3.39344518,445.028405,45.53327816,0,E000
35.05132153,2.897919187,142.1097581,0.321401564,246.3503814,3.040980598,355.5638659,51.33007876,0,E000
28.76242319,2.560440631,157.1383162,0.589027294,249.9278135,3.181254355,369.3014985,58.06909361,0,E000
32.06842759,2.204316383,161.8278388,0.428913526,253.1269304,3.006526534,419.4274746,59.63314791,0,E000
37.99927862,2.429656813,155.1900609,0.336827774,251.3740461,2.984510912,355.0018821,54.08293912,0,E000
35.66922184,2.626234321,174.0460294,0.203447601,250.0789742,2.935246199,420.2396143,45.11767382,0,E000
26.06308171,2.609446407,144.9868582,-11.52415719,245.9759754,3.382321906,446.8940711,53.54374437,1,E004
43.80460483,2.650973467,157.1983048,0.590582612,248.1443411,3.259434832,380.9764583,53.00262879,0,E000
43.14579123,2.921029516,161.4042712,0.404603346,247.6567847,15.46878751,362.7591239,51.49057372,1,E006
30.61544725,2.26982072,176.829586,0.333951316,247.6496706,3.112873795,378.7152263,56.44283217,0,E000
42.04363001,2.909626819,173.3978882,0.470092335,245.4220047,3.237702114,410.6193537,56.72583399,0,E000
36.88261431,2.703685977,177.8702498,0.240751506,247.4599974,3.018046199,417.8775984,59.66843982,0,E000
40.95118201,2.345341952,164.1725193,0.386290231,247.571185,2.917517255,358.1187787,53.89658933,0,E000
25.10123168,2.326931616,177.0849513,0.554969814,247.4124434,2.854237117,411.0178576,51.39829281,0,E000
41.84066589,2.578806755,163.6686788,0.245297381,247.0683711,3.175442397,409.3652579,58.10729664,0,E000
38.43785487,2.88865908,169.3746271,0.206787652,250.2987563,3.040524512,382.9542134,58.45924008,0,E000
43.76680914,2.160024936,151.7341369,0.537178193,248.6938265,2.8744243,421.6797717,56.03121038,0,E000
36.35890461,2.974194444,140.9602018,0.595650128,254.405373,3.376258333,416.7933735,54.19608465,0,E000
35.23039115,2.706687708,147.7100804,0.475358682,247.7238458,3.465649677,358.3724133,66.4990536,1,E008
25.72320761,2.214912637,147.9022362,0.314961014,251.7351679,3.510954572,378.7937748,50.20542038,0,E000
25.90454578,2.109736199,167.8854322,0.389663178,254.095867,3.417625429,437.3384164,52.66507145,0,E000
42.90413675,2.0595247,150.8257577,0.341625825,249.6010263,3.396904783,362.1622891,54.79907349,0,E000
64.50278348,2.670734493,154.5063747,0.574301189,250.6563527,2.902697919,399.8981005,54.80454667,1,E001
25.65052359,2.508890556,150.0925894,0.592002185,245.3117491,3.045435426,391.4620062,54.16122742,0,E000
28.63760169,2.206992578,170.0987335,0.473371766,253.1025913,3.190301285,431.9333752,50.03870768,0,E000
40.35496183,2.562601492,162.3845977,0.266486121,247.8115301,3.217067269,377.7181365,38.68365916,1,E008
35.91233579,2.459239878,151.5178137,0.326761655,251.9931292,3.292499517,373.1036138,46.49644506,0,E000
43.24399801,2.968359782,166.2458017,14.16102873,249.4260503,3.241269967,361.5712394,51.0257388,1,E004
28.25233879,2.918076552,159.3608229,0.439072934,254.1372749,3.07246075,408.9211723,46.07565781,0,E000
40.97566472,2.345192208,172.1666226,0.22516299,247.9575283,3.309999042,440.1741676,49.38494274,0,E000
35.80023829,2.46423852,157.2138613,0.561309449,248.7995995,2.934097251,360.5333894,53.88987972,0,E000
29.38427975,2.332456157,156.7478057,0.304909729,251.549411,2.958728081,356.9479985,58.45806196,0,E000
37.20389663,2.406934975,157.6529668,0.224259996,246.3873919,-12.6952963,354.8025388,50.01836689,1,E006
35.4613085,2.288405438,165.348464,0.372826914,250.0019794,3.163277275,427.5146078,53.06884547,0,E000
34.09479711,2.805090318,171.8576225,0.421848196,247.0299356,3.458581087,442.8946736,47.74042219,0,E000
28.70351878,2.55484219,168.8893302,0.561590469,253.839184,3.206992232,460.913566,52.02266644,1,E007
32.92345383,2.356885975,153.7171865,0.3882804,249.4127434,3.059839132,355.8796017,54.11034575,0,E000
30.49612071,2.018124041,169.9443483,0.498580852,249.5337061,2.983969132,374.8691809,56.29304167,0,E000
34.34803022,2.24197713,169.6908557,0.521078962,253.2264793,3.443362326,369.9728519,58.62198085,0,E000
42.85117997,2.624663569,142.8413956,0.291332501,251.1534784,2.8119988,420.559579,47.61818825,0,E000
42.41506901,2.764440728,163.858683,0.354585026,251.1149485,3.399700602,418.8113876,57.18603726,0,E000
31.4470769,2.364593728,178.6121089,0.33689021,249.1499776,3.200895761,397.3808435,54.05466787,0,E000
29.63894192,2.451294113,179.0913529,0.462174391,250.1492751,3.270746845,379.6082089,55.42008005,0,E000
42.99149147,2.302333249,165.9915219,0.294589965,245.4668482,3.53190892,418.0158547,51.16561171,0,E000
44.39828796,2.09653447,171.3319193,0.528203002,249.8235621,3.187993828,400.9003445,47.25672826,0,E000
29.97428545,2.101893101,171.3264572,0.210335589,247.895827,3.3438545,363.0734739,55.90863479,0,E000
29.63343403,2.994819294,162.5557168,0.258251459,249.0015527,3.432803259,420.7120614,45.36984084,0,E000
36.84700657,2.951423221,179.5536217,0.33891539,252.8329009,2.923953428,434.8587657,47.79620771,0,E000
42.32127779,2.962810357,179.1341915,0.297862022,248.6258321,2.841821098,426.2071653,59.58063141,0,E000
37.46596254,2.901761992,162.9042893,0.531826333,247.0588731,3.414736857,387.4731023,45.05617642,0,E000
39.88470517,2.903341014,140.3394405,0.286673698,253.2718671,22.01584781,355.7179655,53.95445949,1,E006
26.62092432,2.118502624,149.8742811,0.421639712,250.9672299,2.884579648,438.6564113,51.30806535,0,E000
30.47253333,2.30419872,178.2516753,0.410378631,251.9350984,3.081946185,400.5983329,59.54298812,0,E000
36.04094362,2.31627015,178.83761,0.381982752,245.7237639,3.17424193,406.9511869,45.03791325,0,E000
27.36329655,2.027167421,155.9807514,0.524650806,247.3362476,3.268097329,390.9838478,52.31720223,0,E000
44.01727125,2.325295134,174.2892375,0.447241186,249.9786918,3.416071225,420.4085669,54.82247038,0,E000
25.86439875,2.83782572,124.539629,0.2897922,245.6845317,3.185194943,366.928621,55.94165982,1,E003
31.21964643,2.659353922,163.3276322,0.500569327,254.4319585,3.170838271,360.899999,50.87591645,0,E000
38.47428928,2.313324566,190.8189581,0.200070206,246.6260613,3.50609462,372.2694012,46.69365508,1,E003
26.60467491,2.692492827,163.7696731,0.30286094,253.7079717,2.825507836,408.5220329,46.64585702,0,E000
40.94590732,2.533386629,174.9447411,0.366251113,245.083547,3.375576185,424.0149394,50.05390312,0,E000
29.95461979,2.654174601,163.8085134,0.486393877,254.4512245,3.009690378,353.0783102,49.0690288,0,E000
26.16167224,2.640826315,174.3209308,0.346719328,252.3947465,2.800328232,428.8551842,56.69943304,0,E000
26.64762091,2.741896327,172.3530529,0.489413829,249.7321319,2.972068183,442.5544326,49.96362875,0,E000
44.82511987,2.877350453,162.9425312,0.287112321,245.8963177,2.92913359,350.5652105,47.51134422,0,E000
32.59384816,2.062689622,171.3387824,0.301279563,253.4078507,3.206724781,415.5777302,53.9499436,0,E000
29.47191677,2.676177562,166.326393,0.534551431,249.8485874,3.257071623,420.4586032,49.22330794,0,E000
27.26947042,2.873322916,173.5292168,0.394092182,250.3660751,3.446525639,420.8023784,54.38384375,0,E000
26.8057954,2.98466974,158.337257,0.588738121,247.9815036,3.243335777,350.2140919,58.95843041,0,E000
39.32301348,2.245352314,178.4620293,0.466306096,253.0307564,3.502266083,380.6772751,49.36505045,0,E000
36.16808499,2.173761593,144.6543394,0.354023222,254.1434044,3.459275592,432.6949025,57.82388485,0,E000
43.72966496,2.959752104,194.3846244,0.35388466,246.3315313,3.108438401,444.2955455,58.34695621,1,E003
34.11313506,2.260286858,170.0959153,0.324661167,252.2237351,3.001745585,422.5412123,55.24115759,0,E000
44.41581981,2.787101133,195.6090609,0.23190537,249.0192019,3.317277827,385.0718509,49.10075877,1,E003
32.12496506,2.673750646,169.1694204,0.476221056,246.1396198,3.325514588,344.5679794,51.22246008,1,E007
35.85289269,2.496461152,155.4929007,0.586787406,251.1858515,3.385790331,443.7112494,54.2106541,0,E000
29.17021029,2.3245118,158.9907602,0.590034868,249.3677717,3.134757432,358.1279105,48.4015433,0,E000
37.75114943,2.613933585,142.0795741,0.345361573,248.5821904,3.410239242,359.8657377,47.62836439,0,E000
38.2367838,2.005313476,152.8827014,0.375112591,250.7068318,3.290074247,372.159343,58.917634,0,E000
36.5257672,2.573528951,145.0219916,0.251752247,250.8022853,3.477227594,409.1242906,56.31784961,0,E000
34.61173155,2.761007923,143.262997,0.546728594,248.5933899,3.150221818,435.9182199,54.51659912,0,E000
33.42714005,2.134274851,167.0182418,0.301865506,248.1637541,3.103328691,422.6734836,45.91153903,0,E000
29.67215502,2.274703815,179.661311,0.450336478,245.3199446,2.88191557,358.9967279,58.89321158,0,E000
19.28581432,2.572565454,153.4341726,0.272776561,248.2393557,2.839424161,445.0442234,53.71721872,1,E001
38.78929938,2.396553682,160.8217535,0.477360341,254.7607833,3.011637029,428.695681,53.53228098,0,E000
33.67951698,2.498211687,175.7132251,0.522038201,251.3672085,3.508325858,417.8468617,73.45667451,1,E008
34.03535357,2.688631629,157.0842018,0.252127195,246.1309974,3.515243684,352.2159536,51.6370639,0,E000
31.52922616,2.546430316,171.0202119,0.383845901,251.8306958,3.23388716,366.5535293,52.56265231,0,E000
26.63259964,2.0683532,157.4104912,0.50477375,246.7170999,3.091527893,420.9323853,57.59444081,0,E000
34.14588559,2.412317578,149.4275466,0.533004867,260.5614797,3.455933616,360.6037756,51.0554465,1,E005
37.23441492,2.98129709,143.6944211,0.296640511,247.7814364,3.063204584,357.100678,46.23529486,0,E000
43.24726691,2.29729079,159.329283,0.306091409,254.6278481,3.479227611,391.4068619,56.20155667,0,E000
32.48541592,2.710242799,159.0238477,0.547199837,246.1975997,3.490861603,397.5197719,50.11803109,0,E000
34.96735545,2.737869519,140.8373647,0.355755912,251.6735116,3.109194978,429.8771829,48.87960355,0,E000
42.26667299,2.392730743,176.4330506,0.432635535,253.2853026,2.973712323,358.987828,45.10878642,0,E000
32.01423631,2.290504506,142.384693,0.212988309,249.211189,3.461382119,445.2451263,55.60041571,0,E000
27.81714041,2.294619396,154.3448633,0.299314992,248.2558113,3.152960882,391.5711309,54.42743145,0,E000
30.13553135,2.890855535,150.2825077,0.268671278,253.253084,2.92171831,391.0493115,56.95367349,0,E000
32.49225229,2.543538217,156.0962504,0.417920434,249.4303998,3.151223395,379.6501571,48.14129725,0,E000
36.01714741,2.84804209,157.1869345,0.451282639,247.6066638,3.06423534,381.3735259,45.05266276,0,E000
32.73470693,2.508360547,159.5757015,0.333091791,253.2792495,3.367946459,401.3069423,53.21806216,0,E000
39.6130102,2.772809573,174.3173966,0.316478582,246.498628,3.403425866,380.9553169,49.0475018,0,E000
32.45377034,2.428702021,162.8849185,0.51227283,252.7252259,2.838066554,433.692433,47.79012648,0,E000
28.86024268,2.801964005,170.1318848,0.478345447,234.5217457,3.100469297,400.3070535,46.1597203,1,E005
39.59212357,2.636669682,154.1969864,0.470646893,247.0687188,3.498860245,392.7869515,49.13528845,0,E000
42.55948641,2.595303266,169.6265432,0.54800997,247.8193688,2.911935182,389.8043174,45.44671181,0,E000
28.178551,2.496999699,143.6045648,0.576691228,251.3805646,23.57442761,368.2665995,55.41215122,1,E006
32.45619978,2.679675867,168.5183526,6.573104568,246.9229172,2.85482079,436.7993933,56.8888074,1,E004
34.37321284,2.347941412,162.0265352,0.494368163,245.4388109,3.481187559,403.8819367,56.60454968,0,E000
39.44505137,2.790509794,172.4989528,0.467707317,252.1438756,3.232950445,423.6656735,56.44962116,0,E000
26.46391848,2.326742542,149.6321526,0.541759805,246.8936088,3.454990392,442.8008742,58.33487458,0,E000
29.22896014,2.080180014,158.7072485,0.532956417,246.3420243,3.569312394,436.8628171,59.18766614,0,E000
31.42358518,2.42317284,179.2995933,0.262681739,250.4081207,2.879096924,337.0871111,59.19947619,1,E007
36.95799958,2.975873755,177.6676795,0.470559348,245.1940125,3.124495512,443.521781,57.48338675,0,E000
25.5994718,2.616783608,143.4978601,0.300143492,250.480215,2.886885922,388.1109326,56.15797921,0,E000
41.54250485,2.607677561,160.9537231,0.577740833,246.7311503,3.006376672,466.6285284,51.07345795,1,E007
38.93078045,2.596738863,144.9096022,0.585245864,246.2287558,3.003905565,431.362788,77.57223748,1,E008
31.54994704,2.354771292,164.7755988,0.596649737,251.4475673,3.209174032,379.157677,48.26593551,0,E000
37.36311469,2.437661328,150.8223703,0.440213907,248.1378214,3.092195361,410.3417578,46.39820889,0,E000
39.99303663,2.425228185,156.2130144,0.489823164,254.0843755,3.225590655,382.2814498,49.94596661,0,E000
32.95711198,2.78898516,151.0369078,0.258438626,245.1276543,3.438354551,404.3762456,53.12462262,0,E000
36.36617207,2.003218264,148.8201705,0.311603316,253.1679337,3.40293291,394.8226582,51.80779884,0,E000
41.16240759,2.020944961,172.6789563,0.502476894,247.1535928,2.88487364,355.3544651,57.71417061,0,E000
43.74456974,2.940784521,178.625559,0.427525095,252.8200183,3.160465994,398.1435346,45.06152176,0,E000
33.69654677,2.413642675,141.9477939,0.282395274,254.2421843,2.949053421,416.7244829,49.66269233,0,E000
37.38299319,2.163709653,143.0634538,19.28089847,249.6059344,2.832796728,438.0297717,46.00460649,1,E004
44.46977938,2.539094553,169.8085897,0.34007461,247.0951922,2.984753332,426.3631916,47.46171659,0,E000
37.90345581,2.732801545,175.5807724,0.388650546,250.4661494,2.848058535,449.7513746,51.06468647,0,E000
35.2170473,2.214116243,162.0712891,0.591661296,245.7344469,3.02713392,341.2717603,50.68059536,1,E007
28.03805387,2.196097713,174.8275382,0.458371157,249.2380819,3.289726927,384.4438288,56.89353417,0,E000
43.30976595,2.847060827,153.4148642,0.306018915,254.0594397,3.223548592,392.9418787,45.83948336,0,E000
30.13253608,2.671090174,196.5445545,0.441607199,254.9062811,3.012261334,356.2341488,45.48196299,1,E003
33.63890037,2.983678925,149.2807272,0.503110624,253.5950298,3.165853288,404.1880173,48.67029282,0,E000
34.88840609,2.417760979,153.1271793,0.383345392,248.022767,3.462434629,440.2776048,53.81050169,0,E000
25.71245732,2.275595935,167.7410571,0.370414465,250.1687035,3.533836477,343.9313893,57.77896124,1,E007
25.71884548,2.080601514,162.6312622,0.404437529,245.1835838,3.177405048,434.8752701,55.71182291,0,E000
28.11720735,2.189237603,172.32059,0.304332432,252.9922711,3.017226786,337.2447791,47.95029651,1,E007
32.01830025,2.881927758,173.6363484,0.374005838,254.47428,2.898770859,370.8326947,58.68096679,0,E000
42.88109225,2.496623814,199.3474719,0.554690553,246.6946671,3.178572024,447.1296227,50.58549447,1,E003
44.54348368,2.927110629,154.2383109,0.478805206,251.5711884,3.372404764,407.427038,47.46395496,0,E000
30.70190337,2.729173488,173.875489,0.564883295,248.3414302,3.02850128,386.8620652,46.95284024,0,E000
28.41048247,2.623895836,179.6271663,0.405896878,245.8900973,2.814425608,383.060081,53.48346488,0,E000
25.23665672,2.061320983,172.2028864,-15.64230452,246.4622575,2.989825399,407.2776517,59.82953758,1,E004
26.32992535,2.756213614,167.9133114,0.483433418,250.6034867,3.225694378,382.482411,59.10954826,0,E000
38.30073349,2.368707171,163.9425197,0.580111689,251.8811766,3.300995858,410.9505122,51.16165634,0,E000
37.14188072,2.333628396,140.0377366,0.42211833,250.7550102,2.845472457,435.7957455,51.43454971,0,E000
39.5433814,2.403601002,179.7732121,0.212994639,248.7393871,3.368194674,398.1276151,55.53053503,0,E000
39.24358443,2.448610631,154.6956291,0.403583616,250.0426346,3.511295485,443.7987865,59.93413067,0,E000
39.66226045,2.64850482,161.5357992,0.524586376,248.7631182,3.354377435,430.836469,53.71778014,0,E000
42.58236615,2.793142874,162.8114775,0.588046755,253.8781764,2.907152976,350.8236242,58.81329237,0,E000
59.75253772,2.570037789,168.1447598,0.328103466,254.2427152,2.892234058,381.8031184,45.4674353,1,E001
40.47961193,2.784675981,149.1266934,0.277013927,271.116287,3.055311612,360.4705157,55.75119574,1,E005
36.08708105,2.730820965,142.4723384,0.593336307,245.7046068,3.320237579,408.2553837,50.03214916,0,E000
39.08159536,2.773879656,162.9579946,0.273640529,252.0449364,3.537999117,354.7865599,47.58327483,0,E000
41.3459554,2.352958503,170.0845733,0.358421791,251.6336261,3.421841719,388.1574388,58.89750929,0,E000
35.65178865,2.340604167,165.255013,0.31976925,250.4287813,3.556503742,401.4383247,49.1606372,0,E000
26.53906403,2.942724319,142.9093979,0.207211604,246.5828626,3.13470667,368.6746285,54.86926242,0,E000
31.43655016,2.15415605,121.8913914,0.428221142,253.7833561,2.956697748,366.6973874,53.63365689,1,E003
34.46943542,2.561222788,172.6963139,0.287035176,246.3257408,3.482903943,411.2489507,45.79459359,0,E000
35.05358046,2.19747049,159.3815198,0.545746507,247.2867075,2.872909871,442.7422836,59.74862155,0,E000
41.88340898,2.723447818,143.1142608,0.508589338,246.2703358,3.475960302,385.1441673,53.11545434,0,E000
39.17489395,2.241500628,160.7725077,0.363157695,252.856666,3.113102475,447.3526552,46.52358215,0,E000
39.3809181,2.136600904,143.2042291,0.394593106,247.8254086,3.54063084,356.1680296,50.10163405,0,E000
29.84110543,2.25224102,164.9599394,0.392223976,248.598249,3.159129378,357.234851,52.64811084,0,E000
35.62339056,2.199270336,170.7777032,0.403391614,248.7946138,3.161196751,352.5004113,52.50138504,0,E000
33.64669602,2.816779467,145.8678046,0.418299872,253.0135206,3.371269618,444.1904973,45.99624607,0,E000
29.85078947,2.64581088,152.1461458,0.559490445,250.9351689,2.965981862,376.213105,38.16934657,1,E008
29.1168242,2.637688247,146.7524002,0.220933143,246.7401045,3.062517744,440.3559304,49.58639231,0,E000
33.94405081,2.659510769,153.8800934,0.314738658,248.299749,3.46713328,425.8129206,52.72151061,0,E000
26.14173712,2.091391486,160.4712183,0.519632858,250.5781013,3.285127821,446.9820785,54.54516473,0,E000
30.01945631,2.157083648,151.1221422,-6.600194333,252.5083036,2.978245474,449.4299634,47.51747282,1,E004
25.2324108,2.856537224,173.1825086,0.382186229,254.6565317,3.50765759,417.2084391,49.78197543,0,E000
27.74125392,2.572753259,143.6531058,0.281517534,245.3110858,3.210634866,358.4532615,26.00582447,1,E008
44.06853967,-11.03305017,152.5008909,0.290157558,250.0581068,3.284871472,350.9772231,56.70309858,1,E002
34.7702728,12.1809051,160.9057373,0.337984834,246.0480399,3.566638786,435.467387,46.17738637,1,E002
27.5404154,2.296367607,162.786428,0.462685347,249.6233588,3.443167293,361.2440412,39.33633596,1,E008
27.35502166,2.950772708,155.3286146,0.25072072,251.6527284,2.800724668,418.8174437,47.88514735,0,E000
28.88738147,2.861055091,150.1387738,0.453372136,233.926295,3.519485757,366.6064444,54.94793738,1,E005
37.70187302,2.067668362,166.5409438,0.339128939,252.5381371,3.546490577,445.3072769,45.49761237,0,E000
35.41915955,2.632391324,147.6809348,0.428074886,251.5402308,3.539698254,438.6734392,45.79009998,0,E000
27.2884136,2.834228823,159.8518837,0.448504702,250.3991087,3.368202867,381.9132243,39.73569996,1,E008
41.06961861,2.497812508,144.1781807,0.594947389,254.2222332,3.351761228,382.173703,56.47667266,0,E000
34.77286381,2.522510181,170.051157,0.352945332,250.684722,3.076885793,433.9566706,55.68866915,0,E000
40.41843689,2.296559912,174.3402582,0.460388698,245.4097822,3.481510386,372.3897233,50.73052246,0,E000
32.40317401,2.707680935,158.6519765,0.264579074,246.5061095,2.843146066,447.2856605,47.62762296,0,E000
34.90293054,2.044911299,164.6168312,0.460289754,250.8526088,2.814819661,367.8233099,51.66216303,0,E000
25.36781353,2.966047505,163.9784456,0.485464113,254.1461645,3.380454598,380.9929909,58.78278077,0,E000
34.30557144,2.656731206,145.868023,0.536369958,246.4622149,3.513074884,336.7529211,58.44872004,1,E007
25.50701487,2.906437453,168.2498465,0.49458927,249.0804046,3.476595903,382.6977623,59.87396663,0,E000
32.07855353,2.355760715,173.6912839,0.498567576,254.9215144,3.290811746,396.3256604,25.05157871,1,E008
36.32809281,2.738597458,146.5346703,0.242728397,246.0294614,3.209735965,398.5820559,53.77404178,0,E000
32.12193452,2.011706611,151.7626985,0.504851848,249.7945498,3.527184714,444.9537437,56.67902038,0,E000
39.03711021,2.038804524,178.2849678,0.218511952,273.4156715,3.21959135,363.6996829,53.47718956,1,E005
27.01556003,2.756751506,161.8678273,0.474893737,249.8301411,3.533678804,413.0007135,58.86051739,0,E000
32.8448809,2.591697162,152.2573129,0.481310891,249.9324749,3.002718486,408.7561772,48.26498814,0,E000
39.3355291,2.032578382,125.5216549,0.40890021,248.1931833,2.915539132,405.2996583,49.28876364,1,E003
35.74791206,2.804437208,163.3252088,0.298181785,250.134345,2.945868147,396.0326985,55.47349485,0,E000
27.13196506,2.014693389,162.954634,0.350939391,253.7920434,3.291346979,429.558025,53.29463379,0,E000
42.7749616,2.926194068,174.4665954,0.519381402,251.4783704,3.15372491,410.2908811,53.73182056,0,E000
43.41683765,2.510432489,149.3496317,0.36756945,248.9718689,3.094277745,375.3669459,53.25645582,0,E000
39.40073073,2.124820814,153.077641,0.379234195,254.166431,2.818973088,395.792458,56.18200557,0,E000
43.78135397,2.259904979,173.3044709,0.220129173,252.902599,3.386689212,439.7038516,54.23765842,0,E000
31.50380128,2.680111885,155.0746752,0.396532173,246.4926801,3.338713183,416.3766736,59.35332664,0,E000
25.78853623,2.371739295,165.6727807,0.41792987,249.3150812,3.358572363,354.3971642,46.74816915,0,E000
43.72424492,2.796681397,142.9345627,0.552976477,254.8826212,2.960007137,438.4496535,52.63670539,0,E000
36.15566835,2.804494642,162.3897865,0.292293836,252.6070481,2.875368291,425.6622788,48.86012982,0,E000
41.36029532,2.041951223,178.9230719,0.433322899,249.0303876,3.021620359,391.4067826,56.23673369,0,E000
29.76365562,2.682617221,163.0792645,0.572906754,248.1170332,3.012779252,406.0003989,59.76027225,0,E000
41.98391303,2.265582833,145.7022622,0.232775376,253.5456866,3.287199289,372.8330837,57.19680409,0,E000
37.84838556,2.669022337,147.6243933,0.286981173,253.2276024,2.899476254,400.9889948,53.93711299,0,E000
27.28229514,2.240512042,152.2667452,14.27709877,254.8759577,3.097973558,395.7626633,49.86867989,1,E004
28.41775175,2.916635236,165.0132068,0.438417438,249.3946537,2.891156216,388.7291174,56.34890901,0,E000
31.91071501,2.372120196,164.3892541,0.309738954,251.9857149,2.922280243,360.8025319,73.33240524,1,E008
25.7470327,2.500264507,174.1769184,0.435189699,234.034783,3.344212503,439.0811894,45.61599561,1,E005
39.56377512,2.337345547,175.1213405,0.297386818,254.4475008,3.519400246,417.1303513,46.70907275,0,E000
36.46445915,12.36437646,171.7740932,0.396191363,245.3980568,3.410415518,366.8569144,54.47210351,1,E002
44.2489459,2.372167024,148.4202776,0.591612736,253.1196774,3.461726519,362.6544459,54.35261715,0,E000
33.51243125,2.221468583,143.4506456,-14.0695957,251.6537771,3.570189529,365.3148084,59.78660498,1,E004
32.81811992,2.183442196,149.6941478,0.293275022,246.7067744,3.245561673,406.161616,45.12151412,0,E000
38.71130574,2.920994521,155.3358856,0.56830834,253.0137154,2.977317852,448.5960302,48.62196342,0,E000
36.06979861,-13.9425574,164.0819817,0.464590708,253.9881109,3.42716863,428.0915252,58.90775653,1,E002
35.98353078,2.744304966,156.3391412,10.0692389,254.7824835,2.962423732,361.0931743,56.26245938,1,E004
34.07579083,2.253101539,153.206238,0.485878436,248.648181,3.036741079,417.8713236,48.51608617,0,E000
35.54882091,2.204008637,144.8275387,0.404398717,245.7914862,3.269883705,353.1337461,31.75003772,1,E008
36.91277481,2.140552968,160.0111414,0.594470719,254.9548361,3.553593158,415.1319897,45.52473732,0,E000
39.87016513,2.581622293,141.9688366,0.589904033,249.6846124,2.831402442,387.1802991,59.60903361,0,E000
43.32097352,2.406802279,150.7859145,-16.6996466,253.2509146,2.826638227,385.8645598,56.24814682,1,E004
25.41168989,2.152024853,156.4476607,0.588029783,252.7399509,2.94842078,447.5983119,58.89835673,0,E000
43.73915646,2.076971669,166.3322976,0.379833341,246.4161135,3.133644189,362.000275,50.99457724,0,E000
26.57156994,2.862640471,179.0311527,0.425981043,253.8424517,2.816009379,398.2538407,59.38356907,0,E000
27.78544145,2.580467601,150.1792533,0.362709499,251.305887,3.416651617,437.4933324,49.35975494,0,E000
34.25069432,2.821198283,155.8796865,0.278873193,246.0061998,3.13262885,352.563225,45.18986743,0,E000
37.8715539,2.334049966,152.8341817,0.369917673,247.8046322,3.357436411,412.7700414,51.93802415,0,E000
35.21494605,2.292822037,157.5896195,0.439123205,251.381399,3.349404576,437.2465523,49.63903318,0,E000
44.22140635,2.613604114,158.1673465,0.551757223,247.6269331,3.409394165,421.2394028,47.79845789,0,E000
30.59867794,2.052257879,147.4293229,0.364445367,253.7946269,2.857878707,393.2271288,52.27879882,0,E000
32.01253862,2.504795598,140.4286119,0.497054396,252.2967841,2.96892643,390.0902723,59.02743016,0,E000
28.63649934,2.058163796,171.34953,0.314082321,249.7714638,3.055453504,440.6354211,58.72397853,0,E000
37.01188667,2.796241451,177.3147076,0.312182026,254.6218591,3.242824708,441.0612507,45.95813676,0,E000
29.74498175,2.722070938,143.4806887,0.381129922,253.6564504,3.476180447,432.5671446,46.14929721,0,E000
25.62268166,2.544496959,174.4567218,0.403482394,246.0927945,3.426347338,396.4402906,51.1793952,0,E000
38.90934413,2.353789159,167.354805,0.219659356,245.1795786,3.03471174,422.9266406,47.77747568,0,E000
44.02806684,2.532504066,155.8021335,0.235509307,253.3003268,3.447930496,403.3338115,56.76765204,0,E000
33.01526122,2.402873283,166.3876109,0.393550906,248.5751333,3.027882141,353.3403007,56.42512358,0,E000
32.52926734,2.829394665,169.1348342,0.550848187,245.3929195,2.883019767,378.5133175,46.68317309,0,E000
28.44639742,2.036721363,155.7828926,0.362188671,253.9503386,2.868999337,384.8702811,53.13144764,0,E000
31.98419149,2.733071296,165.7898099,0.253773371,250.7973711,3.284607591,424.5503085,47.79766519,0,E000
30.73082504,2.436850703,142.6466076,0.428479674,248.0984712,2.870218331,412.7619874,52.65393969,0,E000
37.01033721,2.208882724,171.3762189,0.405407147,246.5828305,3.158834039,352.2301705,48.37587518,0,E000
31.74006353,2.188540606,151.922648,0.586408584,248.7779682,3.383685319,437.2796325,49.85774446,0,E000
34.00741873,2.671157473,144.8521199,0.52290466,246.3032395,3.345466426,354.2150417,46.24826554,0,E000
40.44636783,2.114932997,149.3525133,0.4323024,254.4064,3.213388836,351.5366251,49.62591888,0,E000
38.44271095,2.755041929,150.9456167,0.227501563,250.4076563,3.229735457,428.6182669,57.16230807,0,E000
40.04749059,2.882416368,159.0940159,0.457563183,254.1225456,3.25668242,367.2789652,59.5508604,0,E000
42.89104454,2.43381742,166.8900275,0.542461449,245.0534899,3.266398784,387.1064735,47.16982353,0,E000
36.07708569,2.64288191,175.1732086,0.592993032,245.9455634,3.376346962,411.4162703,55.72031174,0,E000
34.63044703,2.697209382,168.6985996,0.407282293,246.756723,2.885185411,412.1881964,45.67844446,0,E000
36.21875943,2.829286799,145.4183815,0.340992419,250.4446133,3.05200662,415.1336106,57.25290721,0,E000
44.81010284,2.775611851,148.5878355,0.262544857,250.5989053,3.017973747,427.6768271,51.411758,0,E000
34.84232586,2.634104031,142.0229242,0.484888082,250.8881027,3.37808938,429.4162709,49.08126236,0,E000
31.97093303,2.587383595,152.4304678,0.599659827,252.4883919,3.291505312,335.7277156,50.12424094,1,E007
38.35099799,2.474255021,178.6908476,0.332800281,249.4733243,3.344967406,375.6985938,52.94848764,0,E000
31.58774644,2.36813359,130.0968182,0.555345473,245.255474,3.125061978,353.139963,50.56385138,1,E003
41.05706897,2.692532432,152.3108362,0.243792946,253.610334,2.967728738,420.2782877,53.40405113,0,E000
25.38252701,2.985519357,154.6846307,0.511430875,232.8747486,3.110770914,384.253923,45.32777066,1,E005
38.84553129,2.120207229,177.9592267,0.39721205,252.1945997,2.870817852,427.6640074,53.61650636,0,E000
40.53193706,2.601553879,152.5167819,0.458095058,247.6827602,2.826381555,404.5008416,49.22738519,0,E000
27.03564945,2.577199887,174.6224953,0.54989746,248.7344459,3.568009505,358.5810772,50.78598492,0,E000
42.49763935,2.706529632,170.4200802,0.409271204,254.242377,3.460031128,434.3884966,69.56869921,1,E008
34.94497012,2.43940499,145.8768769,0.400778162,251.7300817,3.020357344,364.2061609,57.66608418,0,E000
30.01324069,2.858178386,159.9055285,0.437972095,260.4437427,3.090354074,431.5693377,57.20932176,1,E005
41.57766732,2.672460498,152.8160514,0.252253753,248.1668436,2.880193096,429.6987655,48.29901471,0,E000
40.79236286,2.505206774,154.5023919,0.43094136,247.447156,2.830562227,379.0743866,59.54024422,0,E000
43.44998762,2.407584209,164.6842378,0.413222116,247.8107389,2.878795713,406.4084922,47.05447686,0,E000
43.41744801,2.13148912,150.3931255,0.320634748,250.4340585,3.180524025,407.7341725,51.48963721,0,E000
35.4448652,2.656955156,141.2041549,0.348817427,250.9248299,3.122838897,366.6545589,51.74519776,0,E000
43.05105813,2.533028867,177.5326291,0.220466203,246.3551687,3.530067374,370.8383679,53.84258076,0,E000
42.74425485,2.066652041,141.2697506,0.575272469,246.4939939,3.210461775,411.9093095,56.62082434,0,E000
38.63471904,2.505541723,167.7692752,0.269101858,253.5263223,2.912020552,343.871136,53.17816618,1,E007
31.59655659,2.062051053,159.0390387,-15.52843935,254.5710655,3.352779321,438.693393,51.7953602,1,E004
29.44215621,2.60188159,171.9317279,0.367733872,245.9352012,2.977194839,407.9961981,50.08019407,0,E000
35.65915573,2.708765655,161.4139107,0.483560003,248.5027237,3.363538897,369.392782,56.21361954,0,E000
44.73260246,2.732733475,161.782213,0.226663932,248.4989546,3.225528558,361.5556699,54.88694869,0,E000
33.5639923,2.901774029,169.2500236,0.417393771,250.9504634,3.405836458,392.9856369,48.55971241,0,E000
33.76063566,18.78902759,145.0610766,0.219536649,253.7794156,2.863864853,364.8339181,45.33199913,1,E002
36.48946226,2.289244772,171.6876478,0.269585482,248.5484572,3.519562468,425.0150281,49.64658727,0,E000
33.50986669,2.704554428,142.153221,0.415677518,245.2220281,3.125447433,392.3899752,55.11354842,0,E000
30.87183689,2.026196709,157.9615507,0.268185005,246.8292293,2.936122113,402.403767,50.43439497,0,E000
29.67424164,2.369574199,147.2727061,0.464586482,250.0972317,3.0556945,353.0192015,49.98981751,0,E000
43.96906614,2.270393286,141.6114208,0.418766206,254.2230778,3.011523438,402.8805218,59.42146969,0,E000
32.93501852,-15.55611669,162.0120957,0.476382048,251.8258217,3.473284985,363.2569403,54.89592211,1,E002
33.2205694,2.206252114,165.3897656,0.328227034,250.3085903,3.420152615,433.9121603,46.6830205,0,E000
31.37951261,2.870578425,177.2621966,0.363673035,249.760567,2.890003307,440.0963496,50.86125522,0,E000
27.32145281,2.97200533,160.0607184,0.225637884,246.6218337,3.209228955,355.4134408,48.18188098,0,E000
39.31649929,2.015110684,174.3012243,0.415248404,245.5226867,3.142258765,350.3929321,45.321598,0,E000
35.7954904,2.304310276,157.4910708,0.226307108,269.2867463,3.384987316,417.658337,55.01624977,1,E005
30.31200085,2.009038469,147.8517721,0.349341264,246.1376196,3.377848935,385.6178534,51.21415271,0,E000
36.80589885,2.839338492,151.08277,0.521477381,245.3342653,2.925902812,414.1619999,49.31030493,0,E000
29.5850279,2.130652344,163.308578,0.546804643,250.8079683,3.032226942,443.7525987,49.4152225,0,E000
53.43981862,2.41843396,172.0577307,0.415480074,248.0015988,3.013747614,371.7614024,57.3559482,1,E001
33.39200125,2.256530062,146.5116396,0.472512844,248.2450665,3.113163417,439.2112016,53.25443285,0,E000
33.09786194,2.170249426,148.1047528,0.567321097,253.5827972,-15.33493936,370.918613,54.39819483,1,E006
41.64885282,2.780761586,140.8970356,0.44031686,245.1282165,3.370081126,361.8655703,48.04730906,0,E000
42.92671637,2.496695423,146.0578209,0.50605954,251.8953421,3.168452806,432.626915,52.21576691,0,E000
25.33175658,2.213511366,161.5209082,0.251628499,251.0168661,2.908746198,440.4473927,51.22617194,0,E000
37.30014453,2.118336191,160.3941604,0.441298169,254.4331011,2.815688426,400.50578,50.65229409,0,E000
44.03623571,2.081149179,146.7026616,0.534097624,246.2580234,3.599604152,398.5566202,49.43988938,0,E000
42.3611338,2.264635027,159.4007195,0.454442254,249.435997,3.210513201,383.1906285,59.00286469,0,E000
25.53064408,2.054332035,177.5827436,0.268954545,252.5079023,3.035202711,437.4989495,45.87069506,0,E000
36.4012234,2.636177365,164.6051656,0.541326875,253.9961249,2.967914274,352.0236233,50.87542163,0,E000
27.97325456,2.088604714,156.4911891,0.586243933,246.6471775,2.846637763,386.8374508,58.42065683,0,E000
32.27259205,2.92808364,166.9597683,0.215360351,249.9794859,3.28520978,385.0470202,53.35828567,0,E000
30.00485796,2.663789686,150.441941,0.328293433,250.7189752,3.073812474,420.5936618,49.92528111,0,E000
41.66387309,2.045167756,166.1303184,0.325630951,246.9212933,17.21806572,381.5256257,52.69441122,1,E006
42.37809969,2.70546083,171.0093816,0.434261734,245.1067013,3.109704407,357.3963187,58.01742753,0,E000
40.46946251,2.408151691,175.036197,0.580201425,247.4099626,3.513026132,391.4200554,58.18593007,0,E000
40.10274511,2.316946588,142.0248989,0.585093034,246.9710604,2.976087864,383.9087613,51.37301891,0,E000
44.43564165,2.224615612,142.5025937,0.347300043,248.1003402,3.283407613,435.8813915,48.10261557,0,E000
43.59395305,2.265046428,179.0137253,0.330488203,247.0056466,3.594530991,445.3435825,58.28885506,0,E000
44.99435347,2.048142836,147.2473312,0.432974031,253.6162495,3.368167879,435.2365349,45.73580359,0,E000
30.30404735,2.794197331,149.9867581,0.221986523,251.0380308,3.49258179,428.0944819,49.91320906,0,E000
39.82241299,2.458523009,176.0105644,0.492749095,252.2861516,3.013102113,352.5371488,48.02556836,0,E000
34.96883681,-11.82665741,154.5128012,0.445243038,253.7821631,3.564376792,408.3612216,45.63886431,1,E002
32.14315179,2.651864948,185.3435324,0.583586938,248.4444131,2.951823115,435.0707792,55.54348924,1,E003
39.75793833,2.260157791,177.1452225,0.430617996,249.8199492,3.041467729,426.4245621,52.28243837,0,E000
32.77116203,2.828555598,141.0139442,0.276424856,245.7451046,2.826734396,382.8845288,54.40374419,0,E000
27.70332578,2.844871348,150.4963351,0.325137851,250.5561715,3.410122792,439.5719175,48.65181018,0,E000
31.97736533,2.505455118,164.0364802,0.228027478,251.0946776,2.818767217,435.904633,58.6404049,0,E000
26.70699336,2.077649335,150.035164,0.335402752,250.1457112,3.401921963,354.0278163,46.36963316,0,E000
37.66202915,2.204035635,163.1725787,0.208738685,245.8337905,2.809655948,404.5362852,57.73606312,0,E000
37.441734,2.65222426,168.3775546,0.325664826,251.0417394,3.21372029,370.2273182,49.95466508,0,E000
27.7377126,2.956799815,171.9913346,0.242318608,246.7127341,3.576458666,396.9282278,59.14744692,0,E000
41.27590039,2.042024675,150.0467707,0.462203989,253.8775152,3.148838638,448.2044623,49.03195644,0,E000
32.82163073,2.882993825,147.4849708,0.392997224,246.5294319,3.252601251,375.0731826,45.96998316,0,E000
32.18466739,2.154828613,149.6466086,0.411271089,245.4032524,3.376531564,417.983676,51.32009725,0,E000
42.81054561,2.668572647,157.0994582,0.476711056,252.0794783,3.128837755,435.5314464,46.51333203,0,E000
36.97316968,2.506141863,153.06557,0.332970677,249.6435025,3.577783767,382.1462478,51.26184107,0,E000
25.96424078,2.491095729,165.4258129,0.342477577,245.1394902,3.252365093,385.5339708,54.3170011,0,E000
42.37198256,2.126264742,167.032917,0.490130556,248.862364,3.389023919,374.5290094,50.33174195,0,E000
28.11989041,2.105664684,172.2666021,0.242649448,252.9969186,3.386662327,370.5182833,56.3449768,0,E000
31.83957979,2.152787274,163.2958642,0.44094567,246.9380424,2.95726927,458.6492161,57.57288052,1,E007
38.43146391,2.831373514,164.0979777,0.494091407,249.70785,3.257056012,436.774739,59.97460396,0,E000
42.8409311,2.642325526,171.7037925,0.375825177,248.8348112,3.084774713,360.3576566,55.0539553,0,E000
33.35533564,2.447673425,145.4086925,0.348922839,251.272584,3.227222184,393.8332776,47.9919403,0,E000
29.57285611,2.582806835,143.3651065,0.330695556,251.9386334,3.580856469,372.8987185,58.69868429,0,E000
43.2972878,2.784896977,158.7227622,0.236530294,251.4604694,3.145474954,435.2983969,55.05278201,0,E000
25.26003847,2.284274093,157.3108594,0.394116254,248.4397964,3.19066793,423.1345095,55.11039269,0,E000
38.00651373,2.276319108,144.7656269,0.424857902,245.6353572,2.811959977,435.1438696,58.98743812,0,E000
41.51633501,2.866770355,168.8062984,0.248192729,253.7888115,3.248193171,426.918679,56.94822831,0,E000
43.30387423,22.56476087,166.6971202,0.588765652,253.32478,3.016665712,392.743567,48.57588663,1,E002
42.51771443,2.524285983,156.330671,0.323872226,247.9711716,3.044642066,438.4803081,75.04584512,1,E008
28.56071934,2.84592144,170.2501517,0.207860593,249.3829861,3.474742237,442.4316355,52.31921864,0,E000
27.84926296,2.640638921,170.9182685,0.455243808,250.8805477,2.983529593,460.0228432,58.79338294,1,E007
29.21324378,2.092066986,179.4758378,0.474436462,246.2665587,3.21727961,375.369683,49.88203483,0,E000
40.96590358,2.259296759,146.939842,0.430595561,250.7397518,3.578953708,379.4648903,45.56996756,0,E000
44.73030498,2.42203426,148.4127423,0.574470626,248.672777,3.310344392,383.9528919,48.73060734,0,E000
25.83145718,2.062526296,155.0821572,0.517015907,245.9761876,3.283952651,356.5192802,53.5711709,0,E000
41.71960241,2.532420682,179.6043538,0.219717797,250.1711793,3.323696955,414.6946708,54.52536849,0,E000
33.50872877,2.166860202,153.6527458,0.465143915,248.9729129,2.812514636,359.1896092,54.58048642,0,E000
10.08657419,2.551241318,148.2669175,0.336132603,250.9687929,3.539897804,442.037635,49.31858857,1,E001
26.1511752,2.984110319,148.3623749,0.411482928,253.9508517,2.926000438,446.2291542,48.01461049,0,E000
42.9357682,2.005505799,159.7014152,0.501930983,247.7821719,3.210575981,367.3373157,46.11258945,0,E000
42.94260933,2.432564499,146.6572831,0.327570286,249.3216726,3.371113175,351.3122126,28.30236128,1,E008
32.40944206,2.607905214,166.8953537,0.518231351,248.9037645,3.325955462,445.4637513,54.72252073,0,E000
36.85901703,2.944736259,149.3426944,0.250749131,245.9476847,3.243845407,431.1021689,57.81023296,0,E000
38.03333651,2.709320828,145.4920013,0.297249812,252.9438423,3.397003915,431.7498257,54.80699264,0,E000
32.86195449,2.48097289,174.8267614,0.261808332,254.8432198,2.971795602,433.8657154,59.83611698,0,E000
26.20704168,2.783759842,176.827656,0.402046222,250.2983389,3.082403801,435.4565169,50.40567182,0,E000
30.74076266,2.353050392,174.3644703,0.455289766,253.9510003,3.42612125,442.1727421,55.11661607,0,E000
34.30411225,2.548419163,166.6770979,0.508907023,250.7182877,2.816408735,442.2131326,51.17019373,0,E000
41.00713016,2.068713678,173.9019053,0.418033365,247.4150623,3.209521697,355.174548,56.94518663,0,E000
27.8184845,2.737357077,158.2068797,0.283638946,248.9283908,3.535230622,397.1082851,58.16637513,0,E000
34.12139968,2.692161342,173.4847851,0.56512032,247.1526905,3.229933551,351.8456419,49.44036827,0,E000
32.37052687,2.167321304,178.0954701,0.497900293,245.9896862,3.283690171,400.7784187,59.92579129,0,E000
30.69680989,2.943075838,174.5863569,0.48690475,250.6632288,3.228953823,440.5078128,55.89662037,0,E000
41.99294781,2.892302498,156.6877367,0.43511938,245.49781,2.885962573,427.6151864,52.25031455,0,E000
41.77796173,2.883464763,163.4235074,0.570634153,246.7884107,3.079889355,417.574676,47.51421384,0,E000
37.32505654,2.907639293,168.6144256,0.478347872,269.4948292,3.442964339,447.9233083,56.92988031,1,E005
31.50366644,2.895117741,163.7136072,0.576533757,254.3173142,3.176259238,360.8123352,53.83907642,0,E000
39.7374749,2.723443662,161.0019736,0.298539299,248.9688939,3.308474786,373.9488715,48.75816636,0,E000
40.80060873,2.814939729,178.8984556,0.371932503,253.7325436,2.947465079,432.5608673,53.06756735,0,E000
32.84987113,2.727056762,144.2160551,0.342708196,249.8112569,3.307244045,363.3399235,50.93504871,0,E000
36.68628624,2.653162791,175.4472709,0.383737462,247.0782384,2.809111734,393.9448223,51.84158099,0,E000
35.85106488,2.191964009,161.495817,0.311586175,228.9187796,2.823674883,388.0945763,51.1130157,1,E005
37.89157792,2.1374155,142.6192553,0.548616806,252.307349,-9.768670043,363.5744184,55.60740441,1,E006
36.24593632,2.76651505,178.1248046,0.531032487,247.2806182,3.512533341,393.6351194,46.93775877,0,E000
41.44961127,2.259576449,149.5927981,0.326374329,254.3213392,3.100767928,350.0157745,56.50067512,0,E000
34.16505781,2.806403617,161.2581966,0.227214926,251.2921919,3.488807057,359.1011807,56.45086018,0,E000
25.44689868,2.808715397,159.6455414,0.322735252,246.0193191,2.850177273,332.928944,58.78085624,1,E007
30.53655594,2.075583614,158.429344,0.216432946,249.0229468,3.065659113,362.2288721,45.54854719,0,E000
42.24085302,2.065694859,149.4769598,0.40389043,254.4409479,3.512659305,420.2627106,51.60804972,0,E000
25.74015269,2.747444407,167.1018322,0.350388489,247.0046905,2.862619585,429.5973244,51.78153309,0,E000
38.1777094,2.29238311,175.4987576,0.582070064,252.935374,2.98722254,379.8803064,49.46015621,0,E000
31.46743124,2.997182354,158.9374264,0.498159096,254.3153505,3.294045851,386.3627749,54.84619701,0,E000
37.00041096,2.947090667,166.8405192,0.401487774,249.4912341,3.588822343,371.2370655,53.424488,0,E000
28.05718278,2.043739072,144.1137037,0.494972577,248.8353451,3.456369032,446.9526523,56.68656281,0,E000
43.82929618,2.051956578,159.7127834,0.30671782,252.1112182,2.810205184,354.6579942,56.65247054,0,E000
28.71051031,2.042422298,172.4778494,0.314511945,254.7304535,3.310257743,428.5800465,45.99736193,0,E000
26.48089303,2.437603124,161.4374032,0.234682627,246.9110562,2.938256041,433.0182967,58.75532568,0,E000
35.28468877,2.996696854,164.9845619,0.299897672,247.1353748,3.425084975,429.0407476,45.31537211,0,E000
44.96606311,2.181487125,144.8153186,-14.71540587,251.6144084,3.47833933,425.1826388,51.7453451,1,E004
34.3738632,2.468767965,141.030784,0.537491517,246.9378913,3.105566415,389.462907,57.48338671,0,E000
41.83657554,2.900083183,167.0544427,0.344486424,251.1268434,3.541893128,371.4753666,48.60484321,0,E000
43.4374847,2.801537112,146.6942813,0.320386528,248.2700677,3.343641469,351.1765094,57.6952317,0,E000
30.38486462,2.121025,166.3769185,0.215602568,247.7960143,3.185019161,415.0878837,48.82846825,0,E000
35.81270243,2.906254581,152.701988,0.583255248,254.5902418,3.184628935,423.9124667,46.95680231,0,E000
27.48594447,2.030955791,145.7312583,0.571505368,252.869758,3.477243458,410.9222663,47.33514188,0,E000
37.36509543,2.823790384,166.9236852,0.252128173,249.691775,3.114360612,419.7461267,45.2425431,0,E000
42.32352292,2.216038183,179.9051319,0.239797868,249.2631829,3.276946136,366.7195855,52.16815958,0,E000
37.13430093,2.956047144,178.5391979,0.350328488,254.0403499,3.204132569,381.4785624,55.82444454,0,E000
25.42538822,2.635954707,169.2348138,0.578474758,245.1363985,3.563558156,435.2214207,46.28053169,0,E000
42.10921168,2.114095785,166.4765453,0.284387956,253.6685521,3.202454658,383.0632955,56.57714664,0,E000
35.40136042,2.259813209,168.6040065,0.559699567,249.4885137,3.098920237,428.7325837,49.08669662,0,E000
43.76470645,2.044292721,169.9897103,0.228569108,249.672958,-4.316466946,362.5897977,51.79179955,1,E006
33.20765846,2.661370611,178.9353048,0.520736067,247.3097931,3.349971843,440.8034876,51.43127113,0,E000
37.51719831,2.081725346,175.3834755,0.250257397,251.1781319,2.835904813,365.9283037,59.55114928,0,E000
43.99922368,2.209185465,163.0237371,0.327526929,245.4476839,2.97689861,426.1349656,55.91783802,0,E000
37.90944592,2.498255682,151.6584365,0.563838156,250.3769213,2.871860602,395.5946186,46.5387684,0,E000
29.48538619,2.368309531,171.9092905,0.5848234,246.9152132,3.141273521,378.8666303,57.30089049,0,E000
30.3405654,2.577122586,156.0125134,0.502770738,248.8140881,3.10111003,386.312871,51.39001216,0,E000
41.15691884,2.664219385,164.0378194,0.568015266,250.0973551,3.188275918,380.9569352,58.49009114,0,E000
30.15365777,2.179364682,168.7487245,0.307544618,246.2027096,3.487189113,433.2758668,48.5239379,0,E000
37.22908471,2.386540507,169.2099676,0.276926309,253.9476199,3.252059033,398.0266926,57.20975962,0,E000
29.40972418,2.073081562,159.527107,0.297377047,252.0605811,3.198205251,395.8066939,55.39363727,0,E000
39.9867036,2.400325183,143.3095474,0.507400043,246.6870103,2.813101525,463.6738077,58.37499053,1,E007
35.20384518,2.903732536,143.2729331,0.467443037,245.1408129,3.303926842,467.1779993,52.97493709,1,E007
44.53014381,2.961745377,179.1634019,20.42885719,253.9236023,3.13274611,428.4777108,58.68101768,1,E004
39.38978901,2.2802653,168.5798461,7.232110853,254.3213007,3.16185134,423.4447278,52.51530858,1,E004
41.84237846,2.241893828,150.637138,0.504013961,252.0286644,3.044461167,438.7818115,51.98950122,0,E000
36.53807769,2.560660094,158.3329438,0.234786808,250.8577827,3.001655909,414.1775404,49.11260786,0,E000
27.39524264,2.941725712,156.447619,0.265446482,248.3966062,3.387136296,362.8813074,48.85112402,0,E000
41.55439496,16.35451301,145.3387602,0.314982845,249.928759,3.306626811,368.3230719,45.13299417,1,E002
36.10863411,2.852263874,148.9070432,0.27529288,250.1849297,3.466619444,411.0513164,53.43423754,0,E000
33.235291,2.096892161,134.225373,0.598496839,252.365572,2.869960125,352.024938,55.789317,1,E003
26.77405068,2.293488823,146.1559962,0.300929098,249.0451952,3.372931631,444.2343508,54.82357953,0,E000
35.14469617,2.24755977,151.558741,0.28471926,246.9258163,3.495924747,377.4054207,50.08542825,0,E000
44.75444779,2.546577142,166.7687612,0.404775452,250.3552192,3.104120114,363.8775884,59.73396842,0,E000
37.66302751,2.631418921,173.801586,0.543592219,251.4662113,3.588165861,361.4291286,47.82592151,0,E000
32.77354579,2.454377335,151.0115285,0.446648791,245.7190672,2.936424312,418.152603,59.51718205,0,E000
33.97387245,2.789292848,167.6018755,0.516205443,250.1039272,3.452656681,415.3488932,47.60698286,0,E000
40.21570097,2.512221921,175.2389202,0.50612652,254.3000538,3.122312025,381.6596348,59.40018986,0,E000
29.91915457,2.123003295,145.0382079,0.30113496,253.3662021,3.48315877,353.8684958,55.87183952,0,E000
26.60229693,2.548858665,156.758791,0.219112546,249.9961841,2.890484605,354.2044796,55.12715782,0,E000
41.74199004,2.199236763,148.0577586,0.216814561,254.7038382,3.445749254,386.0703203,35.62049559,1,E008
42.80010684,2.186101418,170.030786,0.289753192,248.3560924,2.914465116,375.151304,49.16883016,0,E000
34.04636569,2.621292449,160.5149897,0.279662759,249.0823752,3.565685677,424.0035945,45.48323041,0,E000
36.50948356,2.545431869,173.2379668,0.581866543,250.8096859,3.297623583,447.129746,57.35179581,0,E000
36.10727102,2.198992139,144.814543,0.488579663,252.783719,3.127475937,447.1401849,45.69953851,0,E000
29.39349356,2.481944279,128.0619902,0.367576337,252.7933627,3.083953572,448.2548762,47.71154879,1,E003
44.93748504,2.407543031,144.8178936,0.202836725,247.0015421,3.491122653,388.6415562,56.25022769,0,E000
38.66590753,2.973078163,173.8449684,0.350476188,252.5653858,2.802105724,369.1876713,50.80826786,0,E000
26.93352899,2.140324518,169.0433941,0.584617489,248.0863265,3.28059182,366.4741038,53.21606166,0,E000
30.79502906,2.66030272,153.411162,0.579074471,249.1607067,3.13450528,447.6413222,59.39751572,0,E000
25.68777042,2.769304894,148.4654359,0.432688611,246.2115546,3.443408924,397.5526522,48.59414748,0,E000
33.54215577,2.530302133,145.8910225,0.222956737,245.3955751,3.283591186,374.2310606,45.90670384,0,E000
37.12858119,2.745733783,148.748392,0.373135968,248.5064269,3.01010689,447.297738,49.52668835,0,E000
43.78997883,2.012120775,167.1012646,0.563530599,254.0841011,3.318567342,354.0487824,45.73937999,0,E000
32.16325436,2.521445689,140.6636992,0.309685156,247.6777431,2.824016181,407.9610899,45.09131296,0,E000
26.49101287,2.375888285,173.4946832,0.28141395,250.780721,3.158528699,381.0147221,48.86610092,0,E000
26.44396818,2.067502547,154.992997,0.250455063,250.3898087,3.383759702,409.4104638,59.62652852,0,E000
55.46751447,2.988760406,163.7541746,0.359760121,253.3553928,3.38389921,424.9275337,47.94209025,1,E001
42.54678707,2.761121537,174.391787,0.556456037,253.3495678,3.284973314,436.2084086,48.16557495,0,E000
39.06037918,2.338267506,154.2127899,0.464537072,252.6630407,3.165619162,391.7048728,57.76637823,0,E000
26.71017062,2.133828363,163.827193,0.259752654,247.7725842,2.818055757,448.9333287,51.52476269,0,E000
43.64236565,2.577279029,141.0275858,0.56593686,247.0940671,3.500573629,442.6707504,47.26189224,0,E000
27.39730735,2.582422658,153.0501567,0.480439035,249.2711245,2.82783936,358.9003178,56.35517802,0,E000
42.26206852,2.038426349,146.1476417,0.355189102,252.6723339,3.015978909,390.951848,47.12743243,0,E000
42.54730091,2.080063663,172.8275201,0.428403348,226.4563066,2.831357468,401.5217796,45.7354687,1,E005
26.30510378,21.02698012,158.8831134,0.40568287,253.3580637,3.390847598,376.5149002,45.25340033,1,E002
37.12349269,2.034670267,175.9185859,0.527798274,248.9627726,3.053033879,427.7161196,54.21615014,0,E000
29.28600699,2.782346408,145.9023056,0.389421533,252.906062,-14.75678688,414.4150709,50.96283494,1,E006
26.50275563,2.379094049,162.640737,0.303290725,245.1301021,3.443456261,408.3833273,52.32841741,0,E000
41.70604991,2.937388066,169.0002431,0.405046098,246.2646425,3.247072697,388.0241166,51.42514192,0,E000
44.27239954,2.328192754,163.8764276,0.37997747,247.0518714,2.898857992,397.598169,46.94104501,0,E000
39.38403557,2.418333864,142.70419,0.576511572,251.0857159,3.516330169,358.3680988,51.48521608,0,E000
44.72002128,2.459265197,178.8460363,0.244958811,251.685467,3.425218504,439.1453873,47.33877764,0,E000
33.77230838,2.268533756,167.0234709,0.372137269,246.0314676,2.844588421,431.2239539,50.07959542,0,E000
36.29682267,2.076862075,154.1891423,0.507892567,249.7699192,3.483476786,366.7041781,48.20019862,0,E000
40.2457027,2.881690612,167.8431945,0.308273442,249.2244579,3.464141794,411.6884072,59.5488836,0,E000
33.55082037,2.072084336,175.4437374,0.225517823,245.0365631,3.078216078,385.9070779,49.60987771,0,E000
56.10231998,2.493015462,167.7611395,0.580840614,247.9530621,2.997090522,410.1806892,46.96198667,1,E001
39.72888471,2.10926421,159.1396428,0.449181618,251.7025398,2.911167924,444.8656158,58.15540907,0,E000
41.33198879,2.340387104,152.9412165,0.364377021,248.5097562,2.880424287,369.8104194,57.1599866,0,E000
27.40418111,2.289187446,158.7616299,0.576762235,254.7602016,3.282660453,373.6798035,47.41073377,0,E000
31.28711962,2.353251409,179.889516,0.457110965,245.3778451,3.488985782,362.7949941,48.63494717,0,E000
26.68213612,2.719353622,158.3649609,0.26534178,248.3855403,3.287556238,386.4027469,50.13898157,0,E000
39.13714688,2.786903386,173.526199,0.37833022,253.5592519,3.488850349,442.223087,47.37198969,0,E000
43.5317525,2.506266059,161.9947425,0.266601419,249.0278553,3.410628152,424.891764,50.61504231,0,E000
30.39499223,2.714052723,140.5291525,0.538204324,245.1583807,2.877561699,370.6513165,47.79836868,0,E000
41.35668432,2.110431863,148.1635064,0.552683588,248.355572,3.083124534,366.4241067,46.2571265,0,E000
42.88198407,2.590637834,144.7981177,0.215026492,248.5347748,2.91070285,369.2801903,55.02389156,0,E000
40.27211588,2.842711902,156.216913,0.41849904,249.2589316,3.222099565,425.3803484,51.40449299,0,E000
28.64235831,2.944448583,176.6000615,0.579026051,246.2693606,3.180563263,361.0579187,51.17795198,0,E000
25.64368806,2.04773379,171.5753184,0.413231529,250.7814067,-6.029707018,413.8354305,57.88772835,1,E006
25.12976168,2.706844357,187.8040302,0.45477743,252.4645976,3.542091388,414.6860224,59.55440599,1,E003
30.76916701,2.249019962,177.5678973,17.9093839,246.9519381,2.914636793,352.602955,48.55562263,1,E004
29.9697828,2.623405958,161.9549121,0.202985256,246.133871,3.34991193,398.5372371,55.03350158,0,E000
41.38204635,2.404289747,141.7626345,0.208459929,250.8142489,3.09065958,414.0090397,56.75434114,0,E000
40.01229503,2.822103161,144.7483638,0.443872763,250.0193558,3.048778417,430.2675813,46.22085475,0,E000
39.44904231,2.804989,159.4452194,0.577882953,253.3611862,3.585661903,386.3189196,50.21507612,0,E000
41.12223635,2.437799531,162.1832269,0.519931782,251.1050617,2.97980819,464.4241919,56.01160471,1,E007
39.04968168,2.362235442,146.4271834,0.348389485,249.9756608,2.901744951,386.0532918,56.29820158,0,E000
34.96391433,2.632282154,146.7125838,0.436321813,247.3360903,3.329012245,418.9969012,49.05703658,0,E000
39.76898419,2.260236598,145.2907486,0.202345891,246.0796245,3.580863749,364.4475697,48.70717605,0,E000
28.73140118,2.769223148,155.4239037,0.496947975,254.1083423,2.87816582,372.3494314,57.55066081,0,E000
41.91923905,2.607478395,155.2177781,0.22260585,251.7767377,3.0625614,396.7776265,78.67661821,1,E008
35.49022779,2.429931077,164.1260048,0.487755262,250.127499,2.860879991,378.0883273,46.82627996,0,E000
42.06018911,2.434019366,179.9823081,0.477163564,249.8708254,2.880822597,449.3773103,48.77496653,0,E000
42.53977662,2.208667625,159.8411958,-10.79788043,248.6080683,3.461087368,395.2139055,52.85541498,1,E004
27.18532223,2.416988603,170.5714893,0.35799,271.3792323,3.058188982,429.751456,50.08388575,1,E005
40.4193436,2.041672901,166.3618164,0.281920964,249.9173794,3.392250425,398.403894,59.66448505,0,E000
25.60774119,2.442545515,165.1067551,0.504402393,249.128394,2.932960429,438.9693725,45.30511247,0,E000
43.97771075,2.426083384,157.6917522,0.206411263,254.1852153,3.429879079,397.3760154,47.43942444,0,E000
26.05346312,2.292910766,151.8306452,0.247058491,235.73957,2.820844442,438.572078,58.29028527,1,E005
44.88123967,2.537356405,168.4044357,0.222483823,251.3173618,3.411719689,427.8514295,68.39423941,1,E008
32.52519171,2.494212447,168.5901311,0.302991687,246.6290265,2.99660025,449.2589876,45.96352872,0,E000
41.61238816,2.384206713,176.6907227,0.24815126,247.8524434,3.229494574,360.6388405,46.22555939,0,E000
29.75088262,2.307795832,152.6440525,0.381583533,254.6943938,3.16030657,377.9594371,45.95739052,0,E000
41.7222561,2.678072512,167.3817773,0.286862133,272.6251281,3.431203908,383.0215225,53.03447479,1,E005
32.49080238,2.965822161,142.6902366,0.379631406,245.5709908,3.139594266,402.1267754,45.97568937,0,E000
26.78248864,2.47392122,164.9351826,0.390843927,246.7965929,3.299937976,448.2040088,48.28776518,0,E000
44.3820526,2.907898794,160.5483142,0.361010542,247.2114761,3.417998277,369.7670937,45.25759486,0,E000
38.92041236,2.476900106,163.3931125,0.360904165,248.9477532,2.964294548,420.8478253,47.41405517,0,E000
26.87801432,2.920766608,178.1453043,0.521986734,251.7734185,2.843118632,432.1123626,45.66520293,0,E000
31.6179605,2.461477465,151.080501,0.253478262,248.2168637,3.50801226,442.5529322,52.98236227,0,E000
29.86964593,2.718739618,170.3929463,0.400679666,253.5776555,2.880645758,375.2742669,58.18488462,0,E000
27.24077804,2.306313499,157.1624948,0.450701339,251.6741553,2.985487691,394.9725411,45.52358789,0,E000
42.87574854,2.256737775,149.610587,-9.871619869,246.0735397,3.357775729,370.7398718,58.89218621,1,E004
29.6591895,2.578298399,147.2356761,0.404904226,253.3216245,2.916502991,397.437264,52.91864742,0,E000
27.21263474,2.227749736,147.075878,0.28430524,248.6716963,3.047812251,389.0717442,46.07711318,0,E000
42.35836589,2.838491834,160.1338052,0.536646184,250.2514085,3.514767243,391.836891,59.41376147,0,E000
40.29766523,2.610546755,161.8670906,0.323340849,250.0853889,3.407589255,409.9012637,57.60542258,0,E000
29.18762667,2.29278943,147.6990146,0.305703951,253.3486576,3.311225998,390.5879669,71.97292291,1,E008
29.9978639,2.488518354,168.059916,12.22260115,250.1818494,3.217452561,403.9434355,52.76610986,1,E004
31.40099202,2.79326135,150.3868336,0.324094113,254.3398742,3.285375664,390.375661,58.65616634,0,E000
42.43671153,2.969809489,153.653384,0.518621449,253.5153081,13.81387823,411.9088565,53.76673356,1,E006
37.20667567,2.607752683,153.685304,0.255359034,251.1944507,3.587897253,370.883702,59.02614924,0,E000
36.8895267,2.85497402,166.5324284,0.545761195,251.6290625,3.324637024,421.4855974,54.25068496,0,E000
43.15132948,2.34970323,175.8946346,0.590647055,247.6251029,3.161237618,375.8584222,52.93028781,0,E000
40.38985866,2.705585863,173.9778562,0.59974012,250.9927752,3.563136643,431.9230577,59.21875618,0,E000
30.13125567,2.696429807,154.5302141,0.557899028,249.6775823,3.246507327,448.4937869,56.323976,0,E000
31.92691989,2.210704964,154.5928988,0.510728547,253.8968741,3.404054563,364.9384547,57.17179546,0,E000
42.37246336,2.265326138,177.8299881,0.298985192,254.7973433,2.807475963,379.6255753,59.29569879,0,E000
41.57475018,2.098082581,165.4376131,0.330468102,254.5776666,3.324916873,416.9080017,49.64637845,0,E000
42.41938247,2.832830377,156.8876894,0.555439712,251.0438072,3.431738891,434.053588,58.74702523,0,E000
29.19811186,2.80823521,153.5722107,0.5160333,245.732456,3.501136755,415.4621496,47.59805446,0,E000
42.88381749,2.803814545,163.8924951,0.317880548,254.5683567,2.934512869,389.5076325,55.63431185,0,E000
31.20723918,2.335610454,158.4359335,0.296098007,254.4865408,3.576683358,412.7138394,53.15234187,0,E000
32.35431606,2.35549301,174.9628709,0.599517174,252.9266248,3.110824918,382.737668,59.60910875,0,E000
25.73773895,2.240692712,146.1970124,0.432828052,252.6329491,3.159318562,393.4607654,46.43304311,0,E000
44.82337252,2.95142981,171.2085059,0.254250646,248.1660243,3.084497599,394.0351774,51.96202781,0,E000
38.66013547,2.877830078,169.3200043,0.480626106,252.4972575,2.803487664,385.4265721,55.60706277,0,E000
27.65049345,2.033676404,147.7983309,0.4916961,252.2058642,3.312039038,421.8237995,49.43065506,0,E000
38.56032305,2.918426432,148.5597871,0.417650401,254.0125921,3.057329977,388.3065676,59.30358336,0,E000
31.22521324,2.590166738,123.7941888,0.446517422,253.7382374,3.200769461,383.1176414,59.94407352,1,E003
29.07772951,2.187056836,159.5606952,14.13455051,253.9320659,3.309235591,418.9340116,55.01410845,1,E004
34.61013895,2.384355039,156.3111214,0.28373936,253.3327128,3.43506873,420.2965664,48.29052098,0,E000
26.44893776,2.701169862,168.3755529,0.432857921,245.1485612,2.971645217,353.2119756,45.76905499,0,E000
33.90639236,2.060365844,171.903974,0.213999537,260.3438236,3.489844189,365.7636036,52.71407243,1,E005
25.70175222,2.651400359,161.3961914,0.383738549,254.0763095,-2.344994,357.3316452,48.35057157,1,E006
39.16145156,2.650201092,141.6140331,0.586509719,248.1646878,3.030347275,412.9354943,45.16542126,0,E000
26.67001433,2.828249252,142.7380181,0.254264587,253.1241366,3.26156732,417.9393488,47.9108082,0,E000
30.0928131,2.988035966,175.6153728,0.451873438,251.0668932,3.433525231,434.216603,57.99350434,0,E000
36.13602525,2.933113331,148.1779349,0.362258104,246.1974679,3.483693971,395.915913,49.41696148,0,E000
25.39421076,2.503083951,148.3532374,0.58414671,251.1490301,3.262460039,388.1621044,47.04261214,0,E000
41.13669479,2.380420008,179.2227291,0.566039382,251.0507125,2.879731138,363.9526781,45.17149015,0,E000
37.0322364,2.115394642,142.0505384,0.54599799,245.4927365,3.168165295,435.7995223,53.94244197,0,E000
30.18846867,2.706976487,173.1461162,0.450733162,250.3737919,2.959062824,379.2290173,52.21965568,0,E000
33.50427009,2.377318054,172.3870015,0.236288353,254.0305065,3.559263683,351.8157966,58.99888001,0,E000
37.12248778,-4.43963545,155.8246986,0.405910569,253.2689323,2.860880845,384.8495348,57.33984184,1,E002
41.76230579,2.666463048,145.6479625,0.401113377,250.9087192,3.015836846,390.29728,47.96376879,0,E000
27.35052494,2.651147585,172.5868402,0.336384789,247.5629238,3.01167769,397.0505079,56.6224165,0,E000
38.14001773,2.757123824,147.6050359,0.333038434,246.0879585,20.61406544,411.0838657,47.69675746,1,E006
29.65826109,2.415045494,148.5938405,0.452364172,247.1125473,2.950301231,397.1236993,72.02458231,1,E008
25.12771743,2.282496066,145.5250117,0.321226304,249.2033539,3.364985999,384.9485182,58.72043615,0,E000
28.32566738,2.211994055,162.864306,0.538714001,253.9182021,3.330518264,416.2722423,52.02098191,0,E000
35.72192733,2.110720593,155.1616194,0.326267392,249.3031643,3.220288385,394.3075933,52.92087633,0,E000
32.53888859,2.154145043,162.2631371,0.452007472,248.9368189,3.351971486,352.0279974,56.19628849,0,E000
27.4407647,2.827537896,153.6762111,0.430266101,254.1474933,3.268681698,404.6098808,46.36257272,0,E000
42.23571242,2.803482743,172.5489337,0.574597333,253.709676,3.433082179,400.9288991,49.48596464,0,E000
41.2914944,2.82670736,148.7156552,0.389813425,246.1927167,2.898066525,387.1519575,45.4328687,0,E000
27.5831883,2.23951017,156.7257915,0.219601858,250.3361693,2.969373423,369.5174615,48.66678315,0,E000
25.49173833,2.765546751,171.3354888,0.377061939,251.87283,2.972003815,395.2564503,49.52137368,0,E000
25.61305004,2.518700994,164.853225,0.411813446,247.878795,3.4488123,420.8147335,59.4341709,0,E000
36.62476443,2.02544776,143.2639488,0.590975274,253.5031771,3.567933352,371.5938204,51.57643338,0,E000
29.23341654,2.080723305,179.2154139,0.567365404,252.1663159,-5.052672033,372.1489725,51.64560013,1,E006
40.65969299,-11.44155106,149.9740924,0.526793352,246.1050135,3.463557312,410.2729801,47.80364302,1,E002
28.61953905,2.610007417,156.1392388,0.529558553,253.0256075,3.213469414,394.3645647,49.90230459,0,E000
42.57259973,2.357121159,172.474645,0.442686481,246.408686,3.337810352,445.1603562,54.67075257,0,E000
36.92539757,2.473809828,161.877155,0.502524039,249.1346577,3.546730656,410.9693569,57.26221403,0,E000
26.88885922,2.204881274,153.7583075,0.224362217,248.7834758,3.337209446,379.6800205,58.9501008,0,E000
28.21362747,2.558642396,179.1660622,0.226913845,251.5078832,2.937755414,425.3503901,45.89289295,0,E000
35.31192057,2.822983805,169.5787693,0.560652492,249.5186904,2.882433355,441.0751813,49.66867879,0,E000
32.62295307,15.39123344,175.5685605,0.338559728,248.6933017,3.510988632,396.437032,52.74186876,1,E002
36.71551163,2.411765542,153.6843048,0.356366971,249.6180648,2.851592544,435.8291336,53.41665163,0,E000
30.94243431,2.65163976,157.6733482,0.333618219,248.7802495,3.527412035,370.8745882,47.68059181,0,E000
31.91391987,2.148795969,152.6095774,0.598258071,246.2015926,2.870501256,385.6888662,48.15630726,0,E000
42.54401082,2.389481895,140.6497377,0.438165921,252.0129334,3.093739052,369.2041994,48.22995791,0,E000
39.50515321,2.287461665,160.3557628,0.328119497,254.4302071,3.259169214,417.9128831,49.40217866,0,E000
38.92577552,2.785189543,151.2240325,0.240932872,249.5566082,3.15268409,401.0215934,55.76583382,0,E000
38.27342331,2.644832604,148.091758,0.579712469,250.038888,3.17202826,434.3332355,55.69077004,0,E000
42.96135714,2.810582434,152.8988445,0.402321849,252.5051493,2.954560102,332.2154321,47.06325386,1,E007
36.30035538,2.468226404,175.5330326,0.50667913,272.1989345,3.314173724,395.8014624,57.97016629,1,E005
36.47725548,2.147383268,152.9830534,0.364035873,253.0821283,11.94466212,411.6179082,48.65184537,1,E006
25.95416683,2.147606819,153.9544839,18.98984293,246.8683441,3.295731321,441.7361985,51.95597604,1,E004
28.04832027,2.758715321,178.7927546,0.201532116,245.2213445,3.319273392,427.8395614,56.99920573,0,E000
5.136237878,2.155926252,150.141991,0.23560645,247.7173852,3.414350041,435.2924358,56.68338968,1,E001
38.17415551,2.671479149,169.6916893,0.30731488,253.6735464,3.416908839,405.5508978,46.64145607,0,E000
30.48321333,2.648318007,144.7752405,0.464744125,250.8972904,3.271294989,372.5040399,58.9159842,0,E000
30.43776644,2.509776845,147.0181988,18.92647558,253.5128884,3.146693559,425.8673885,46.46368754,1,E004
44.30237393,2.606731725,146.3951905,0.599424323,250.5131739,2.87348027,357.1367014,45.75863349,0,E000
44.98827452,2.056176077,152.548125,0.261936558,253.1687799,3.193432506,428.1745859,49.77414819,0,E000
5.272741851,2.369755389,165.0319136,0.396051545,246.4282828,2.844434899,412.5769415,48.70532806,1,E001
27.34616378,2.714326636,159.0190286,0.215011463,254.6026636,3.193485497,352.49709,45.02809116,0,E000
36.06353412,2.941601039,176.8458855,7.06992113,251.3429741,3.446479184,433.557469,53.66860714,1,E004
41.07135203,2.215453277,161.0949316,0.296273964,252.59695,21.43963791,439.4558003,54.73100224,1,E006
42.287165,2.780631717,153.1529047,0.267294632,247.713814,3.349093285,399.5840031,59.06725448,0,E000
28.57089324,2.624783863,163.8091893,0.205605807,252.6808938,3.501278495,389.2029535,56.98515557,0,E000
27.31738119,2.840871579,156.075488,0.565291875,247.655876,2.849234427,393.0421908,49.12560388,0,E000
37.63627054,2.892558227,149.5626554,0.226250435,246.6163769,3.110361735,429.8221182,47.71594349,0,E000
42.39792724,2.626592511,165.5109657,0.406908868,247.452793,3.244210658,437.4977059,46.83128132,0,E000
28.91555971,2.229598161,146.6491745,0.240738906,248.9574483,3.202567533,370.614616,58.75954718,0,E000
42.93530849,2.845604363,167.05935,0.488421864,245.3836386,3.48432653,412.2166924,57.17111254,0,E000
36.18790489,2.93273227,152.2343243,0.219450989,251.7562777,3.429472908,445.786856,34.11790112,1,E008
28.91965725,2.487854044,167.6353591,0.502580435,247.7519021,3.274964626,400.1396479,59.31023706,0,E000
31.75230343,2.748073179,151.9753349,0.364292617,246.2875444,3.127399659,419.3992108,53.15840545,0,E000
41.49361932,2.392458186,146.8731784,0.567917029,248.6351446,3.186874438,389.8543714,51.41539364,0,E000
35.51380365,2.166953089,165.7582632,0.29347618,253.1014009,3.032514375,417.8878232,51.26284209,0,E000
34.07675763,2.879326499,175.8373799,-7.788628179,249.9623517,3.520221622,382.2355093,54.78021923,1,E004
32.96337387,2.358715525,172.3969768,0.459212127,251.9062274,3.142980113,398.4472809,58.60676129,0,E000
34.77693161,2.932710508,165.8213743,0.570477195,252.969475,2.981958603,421.567648,52.64838864,0,E000
31.48667506,2.008363682,165.4129339,0.529497785,249.5218294,3.193693326,366.1672336,55.95813947,0,E000
38.87364452,2.224293483,149.9415928,0.311009122,251.7707371,3.184571245,391.5916533,53.72686897,0,E000
38.69462345,2.739904121,173.768493,0.215918851,245.4058571,3.304027662,359.6246491,59.98047723,0,E000
35.94078287,2.532885637,141.4201347,9.730635222,245.1618467,2.861155207,408.0194903,47.06678281,1,E004
25.9060802,2.707835097,156.4478996,0.44809394,247.1905917,3.325758129,436.5429405,46.56761344,0,E000
30.64069145,2.1054737,163.0742952,0.29006441,250.9256818,3.379896683,357.5022089,56.46018938,0,E000
43.88532978,2.398005293,152.6145497,0.520909479,249.51639,2.859796723,391.3497137,51.42845757,0,E000
38.13473329,2.701139594,156.6957913,0.277936197,247.8880997,2.843923913,413.9553826,53.36277397,0,E000
38.36170273,2.142875961,155.852505,0.228885274,254.3599418,3.10242485,397.0544685,51.20467132,0,E000
39.75002496,2.008863285,158.6472636,0.445799784,254.0117762,3.07016862,433.1127217,53.54561776,0,E000
30.3449395,10.4371873,142.5757179,0.307674576,251.0694541,2.898470283,397.1594672,54.41005666,1,E002
44.85929592,2.837041125,156.767315,0.251339971,253.750087,3.243458078,427.1805468,56.2639259,0,E000
43.20943252,2.502816849,150.7605572,8.625071523,245.7439569,2.816725084,445.1529045,55.86916236,1,E004
29.1258363,2.135947981,132.9668848,0.366326565,246.4877043,3.325446017,428.5242022,53.24284121,1,E003
30.2622514,2.907838514,147.4310782,0.321723037,251.9482073,3.024173126,438.0748577,57.16933281,0,E000
36.73682236,2.612573468,172.9309285,0.242811654,247.6787358,2.907828628,412.5858397,49.34107696,0,E000
35.24186117,2.505852693,173.6043231,0.319143759,245.6068307,3.198119644,400.3228345,47.23643518,0,E000
31.54066323,2.070491946,151.9959037,0.231151596,250.2065535,3.154602753,353.6893289,51.8686411,0,E000
42.34588402,2.358578462,171.9462312,0.234454309,247.7887193,2.960493097,436.267407,52.77472673,0,E000
38.68466053,2.367759351,177.1272839,0.473245714,246.5939488,3.176609914,433.1416622,46.401478,0,E000
33.23681828,2.02753672,143.5950741,0.312590921,246.1285814,3.121896432,439.0115136,49.18061018,0,E000
27.39188492,2.150169001,143.3826151,0.332869009,249.6058255,3.477884043,402.2373264,46.50660627,0,E000
31.4156013,2.043173736,162.971503,0.316350742,253.425545,3.365624935,431.854258,49.97091208,0,E000
40.40814836,2.05463442,175.8798116,0.377250938,248.6372552,2.93808729,409.0253365,54.52427274,0,E000
28.12305195,2.640476042,163.2694659,0.580904031,250.7787708,2.997350744,403.1109423,51.29084757,0,E000
39.92229714,2.121048776,148.8643675,-10.20597608,248.9174809,3.434817012,382.4154403,52.52847271,1,E004
25.34587952,2.32036197,122.8042319,0.537922267,247.5861877,3.060515822,373.6246968,58.62573821,1,E003
36.06073707,2.17577251,165.2454758,0.249298534,249.9131077,3.324145451,407.9127917,37.57939943,1,E008
35.25377022,2.259541783,171.8497444,0.574992469,249.4153401,3.117510383,423.0706884,46.65415092,0,E000
40.05433279,2.505957908,162.5836256,0.419950768,250.2980906,3.250151005,363.3388617,53.80132195,0,E000
44.51730512,2.056585656,148.7853971,0.374428192,247.8329653,3.195189744,407.03861,51.58143331,0,E000
42.60158175,2.722737752,146.619991,0.239418741,249.4848523,3.010304562,446.5485657,52.42428201,0,E000
42.34062992,2.205332939,153.649778,0.536438468,250.3422041,3.316761225,368.0290131,55.93251221,0,E000
37.26830392,2.753961904,141.5707766,0.230787673,254.6686555,3.029328465,405.5018524,54.82391602,0,E000
44.72421489,2.380400549,173.7866364,0.486128924,251.3938642,3.545555312,387.0710657,48.45632958,0,E000
25.96838612,2.405342324,147.3564186,0.343669435,248.8335163,3.179942682,463.5646648,45.58487107,1,E007
30.84028201,2.778125661,175.7591357,0.489784169,249.651737,-3.05421923,387.4325565,51.95732578,1,E006
43.5406909,2.732401049,153.5529393,0.490187267,249.9498279,3.008169094,381.1405645,56.32023781,0,E000
34.48347658,2.22531693,170.1547233,0.212141522,251.6905352,3.536157589,406.265412,50.00572273,0,E000
36.31989677,2.704291402,169.6888734,10.6539229,246.1172783,3.02537318,371.0295227,47.04415957,1,E004
31.01927134,2.810878581,166.8683544,0.586636308,252.9218994,3.106481147,448.9892162,55.42451191,0,E000
36.84829138,2.81397027,174.5773299,0.337310196,251.7609303,3.344036845,369.3738933,51.98806963,0,E000
39.18092523,2.415775104,153.6739617,0.502542422,253.2157769,3.537564504,382.2333312,50.67257722,0,E000
38.60998604,2.848425379,175.019546,0.43087467,251.1772692,3.017488581,387.5705805,53.13668709,0,E000
33.47476507,2.069045906,148.6412576,0.502715689,252.6361048,3.323063971,413.4050508,53.716836,0,E000
25.36220368,2.511275462,164.7669094,0.385574505,246.1755725,3.558963935,437.0410829,55.83233369,0,E000
25.21991657,2.360050466,154.1241156,0.503547254,250.9943054,2.835656033,417.0760022,49.17738005,0,E000
26.28749767,2.099661153,156.7597474,0.525918469,253.8817791,-10.81554586,426.8364993,49.33244145,1,E006
36.81785886,2.72597991,174.4881189,0.32196125,249.7081642,3.448584372,410.6316947,49.84565377,0,E000
34.3326874,2.419838782,175.5885488,-5.930161764,254.4663873,3.536428185,418.443269,52.01838792,1,E004
44.37755711,2.282472426,149.2889876,0.233303063,249.5532875,3.394802029,418.7984022,45.81783838,0,E000
36.34624439,2.540905004,173.938871,0.397838821,246.7979781,2.979917445,380.7462173,58.6934397,0,E000
27.50371584,2.461716144,173.9639208,0.427692085,251.9316936,3.414774237,389.9506475,50.25973924,0,E000
26.75285494,2.187920381,157.4498411,0.200571337,254.4498479,3.436465469,406.3470474,57.04394762,0,E000
37.48297816,2.246823869,144.9738337,0.591578942,247.3707039,3.403150148,353.0397415,49.4668061,0,E000
37.40265196,2.907195031,161.2517607,0.410127306,245.7799387,2.962973915,356.8348371,59.11075619,0,E000
43.28823892,2.05235502,178.3178344,0.357676198,249.253565,2.951143851,391.5661002,52.9127178,0,E000
28.72876524,2.622343265,145.327285,0.536877492,249.9045441,3.074492413,363.1836618,58.01428299,0,E000
29.60017675,2.057844449,159.0035949,0.415864716,247.0620272,3.090506072,361.0586344,53.00580992,0,E000
27.57759444,2.331347007,158.0023456,0.564714045,254.7587086,3.583931546,350.8814833,45.96202878,0,E000
27.33796081,2.270247692,144.7287449,0.265004426,254.4567354,2.833867594,367.1522694,50.91907427,0,E000
32.26164593,2.066443844,141.6055544,0.372057093,249.0470587,3.283960011,363.4431083,54.56086276,0,E000
28.90485976,2.676467937,143.7510611,0.586623376,249.4572982,3.108687557,440.78906,46.71075447,0,E000
38.30394441,2.984013163,166.4733834,0.526422703,247.2458238,3.542347361,370.8888893,45.96293229,0,E000
26.21943439,2.545534277,188.6654824,0.495907115,254.5064378,2.909659554,401.1029065,45.85262926,1,E003
43.33646584,2.6427419,120.0485612,0.239580921,251.826418,3.002268962,389.1981113,54.68901277,1,E003
28.17210211,2.220852783,166.5210881,0.447833037,251.6934835,3.555957937,361.0541364,49.11859044,0,E000
26.5497458,2.59325947,147.5739089,0.344497118,266.3650721,3.53255308,399.7938053,50.98254922,1,E005
28.49677255,2.323027346,141.458442,0.530355291,253.103033,3.304320741,417.4673992,48.52543181,0,E000
43.75984133,2.2327082,123.1033399,0.438353455,250.1392119,2.827474707,415.3231269,47.57435028,1,E003
28.43358572,2.713046051,155.2380738,0.455680732,245.8757456,3.037994136,406.3198092,49.50886684,0,E000
44.94249,2.303942512,155.0670576,0.523519778,245.3971121,3.243927867,389.8641335,47.60458969,0,E000
39.75164603,2.957934121,155.8400387,0.395580371,254.7314471,3.072219986,439.4910643,48.5572211,0,E000
29.57596331,2.174109335,173.8955172,0.547813469,253.5148918,3.312200732,440.8258555,51.73433156,0,E000
32.80679828,2.909664972,149.0221599,0.275683602,251.1690113,3.423503263,458.4469353,45.56841544,1,E007
43.08317389,2.237433468,163.5340888,0.222485562,246.8907765,2.824397238,398.245147,53.26995825,0,E000
35.14935468,2.758776254,148.8260424,0.238950692,245.3279987,2.975436226,448.1377104,53.40710223,0,E000
37.68011406,2.780365503,170.4002218,0.436346507,250.1624782,3.118519595,441.7524727,59.25825558,0,E000
35.67205093,2.748355854,148.2317751,0.414743659,248.37748,3.315094342,449.673377,58.24217698,0,E000
29.54539255,2.952815017,164.3925105,0.35360763,245.7091619,3.176888284,427.2152505,48.46710513,0,E000
39.44533864,2.822534794,161.6111557,0.205312481,245.7235726,3.559289966,445.2803848,49.39086657,0,E000
43.00037284,2.500401146,162.187481,0.402455941,252.4163782,3.372850443,384.6760072,58.26105164,0,E000
42.40197748,2.81112377,153.3677086,0.450036621,246.1846171,3.176199268,386.1099641,58.2670697,0,E000
26.71316499,2.375468928,172.6298152,0.523543416,253.5837338,2.99296542,363.258218,50.56206296,0,E000
26.20284685,2.066463326,157.4158529,0.230210834,247.5364247,2.99950063,415.6722706,48.6505457,0,E000
43.94454055,2.954153727,179.6186293,8.422762538,247.1198152,3.072180193,381.8132531,59.34791624,1,E004
40.99832171,2.585864788,162.0946455,0.257224781,245.9365745,3.227898205,421.8441475,53.14051871,0,E000
26.20043595,2.664513433,171.3892965,0.59277149,248.746613,2.93590527,459.7620012,53.97302844,1,E007
25.18188361,2.433808037,154.3588172,0.415635602,252.9677286,3.473944642,338.5523138,47.22266595,1,E007
36.00984939,2.307293643,161.3440961,0.253718786,273.4178187,2.951997207,384.3444283,54.20239158,1,E005
26.34152955,2.348820534,155.1135685,0.25864332,245.7222935,2.88990638,352.3085481,45.42427392,0,E000
33.08637536,2.803537659,164.0100564,0.340683927,248.3324174,3.133399248,407.8936559,55.2416925,0,E000
41.11340306,2.009054162,178.2179277,0.566055528,245.585366,2.8001927,366.7100088,58.90898449,0,E000
32.17660968,2.961135485,163.7384553,0.518556289,253.4044275,3.387589632,393.3080204,55.78183552,0,E000
44.30053821,2.038996013,156.2636215,0.432307433,247.3921109,3.528635944,399.5171592,47.03067894,0,E000
27.22394965,2.100637479,166.4711093,0.533989514,248.2066275,3.071362745,388.2364598,53.05681122,0,E000
42.54746144,2.571872271,162.0463985,0.406066811,246.3101462,2.931514147,366.1712778,50.15733737,0,E000
39.58014336,2.315406896,172.1124374,0.526662097,249.3467815,2.855889537,398.0236713,57.90906736,0,E000
44.02216364,2.817777884,174.7588866,0.416666864,248.2727519,3.361388808,393.905304,37.71593971,1,E008
41.25599135,2.471167899,146.4487525,0.450421884,247.8451196,3.042762573,371.4458229,52.00499129,0,E000
43.61514651,2.792854419,166.3487055,0.333510639,250.4176032,2.91203585,420.0188259,58.36844162,0,E000
38.81875476,2.59034769,147.8066607,0.266474,252.4867218,2.9149501,367.8398252,47.84034342,0,E000
31.37505006,2.195833084,148.9862959,0.243360149,245.6724063,3.078374933,367.1010854,45.27522993,0,E000
44.56447337,2.471223331,146.5099643,-18.14402093,254.11683,3.286303715,426.6176399,56.09896877,1,E004
32.93963034,2.821830947,162.3268474,0.59968292,254.5681467,3.521119953,429.2217033,46.36348352,0,E000
33.21883666,2.602053673,165.3981485,0.217113312,265.4587937,2.849234118,435.2323175,59.89528019,1,E005
26.53821277,2.205093754,168.6193672,0.523570923,249.5253364,9.089825519,356.9316261,48.86351588,1,E006
34.47923281,2.007664033,157.6842814,0.323785031,245.6160799,3.497684851,384.087654,59.88257572,0,E000
30.42698064,2.844357083,146.2482627,0.216133541,254.0900559,3.51793524,418.0109698,57.70736186,0,E000
28.34965165,2.157273208,160.2208317,0.39927572,245.8303876,3.540601354,355.3340163,59.93986576,0,E000
37.87999086,2.321495701,146.0572926,0.522047684,253.8283649,2.840051622,386.826279,47.67799357,0,E000
38.76334235,12.81520166,163.0264559,0.437654234,248.1507163,3.079881894,426.2246765,53.74085761,1,E002
31.50799396,2.88619578,162.2713964,0.311477726,247.413497,3.220345599,419.7797033,52.09552688,0,E000
39.03933755,2.87273025,172.057831,0.523991497,250.5670926,3.418299149,398.724956,52.2716709,0,E000
25.86825066,2.870526966,172.2038925,0.474285108,249.6785946,3.405720464,374.4063451,57.47153429,0,E000
28.3951581,2.399035318,142.4090778,0.364326558,248.3500857,3.44948936,383.6159665,53.23912512,0,E000
31.09227538,2.449784649,149.1550185,0.441285225,248.666377,2.909000452,427.3090142,56.88333521,0,E000
50.49253144,2.468409545,175.4113132,0.344636107,254.3245042,3.304486777,443.4155344,56.35749938,1,E001
37.11549639,2.295040708,170.6145346,0.576300344,254.1381452,3.415335896,360.8145942,55.17273877,0,E000
31.35495129,2.139776966,143.0083516,0.217954274,246.6179617,-13.18963364,374.8614119,50.5311064,1,E006
27.20042486,2.559841096,149.8766598,0.590858133,252.9658094,3.130393648,365.1341259,66.83080651,1,E008
26.02851627,2.058091952,173.5658643,0.41764345,253.0330457,3.504201419,447.6971055,54.99457985,0,E000
28.36028415,2.009978777,175.9182086,0.523080948,249.3703373,3.445896752,361.0355057,53.93912394,0,E000
42.46205131,-7.354809059,148.2491255,0.390158949,250.1424197,2.966625087,410.8570338,55.84499939,1,E002
33.78269817,2.541407607,166.6022396,0.441721768,249.0465374,3.196975584,352.5807168,51.17846218,0,E000
42.94431516,2.401494316,147.0196651,0.273720559,247.4071259,3.326627027,404.1686824,48.66761246,0,E000
27.80226352,2.313347918,160.651332,0.235789249,254.8552413,3.213968808,393.9303272,52.6902593,0,E000
25.2270729,2.14197199,154.1866482,0.245001252,245.5050747,3.315925059,393.2117176,57.16734392,0,E000
27.44219828,2.013745554,172.7849948,0.490865124,248.1336769,2.96962228,353.7487957,52.19447934,0,E000
44.64757234,2.275381174,163.0143669,0.350128538,249.9716728,2.95989838,380.4110007,50.17333761,0,E000
28.03349759,2.993848389,160.5784531,0.382157962,252.3552071,3.163003008,381.5055969,48.99342429,0,E000
25.1426004,2.68169847,122.7722515,0.34366906,249.7995649,3.572551133,374.2172123,55.81881146,1,E003
41.5865492,2.034493829,153.0303942,19.84004463,245.1122089,2.961152104,449.3770042,52.39237614,1,E004
29.0325464,2.313966717,151.8329639,0.344616075,251.4048329,3.107159115,407.7077443,53.6266885,0,E000
38.58255475,2.491491302,170.8795628,0.579297814,246.1580489,-6.993235943,365.1182919,57.15454706,1,E006
39.13554434,2.433582793,165.3962664,0.512188455,245.6589217,2.833276765,415.622799,46.3926763,0,E000
44.01214294,2.184224839,149.060865,0.547080839,247.672099,3.497970252,364.0064559,50.26829446,0,E000
40.59168947,2.981177837,150.4533207,0.28372243,247.5769565,2.993524618,416.4344291,50.4968497,0,E000
37.94949428,2.16528449,153.113528,0.279867895,253.6694104,2.80556607,357.5960287,46.16498793,0,E000
34.71743518,2.165748177,141.9842363,0.527344257,245.6500079,3.388865715,406.9432683,58.04638874,0,E000
43.39711233,2.278759872,169.2088687,0.487024553,251.5060652,3.55384075,406.6466606,58.89283382,0,E000
61.33811227,2.813636024,140.1792677,0.400493091,252.048362,2.924320903,414.9790728,46.26165149,1,E001
26.2215592,2.274731526,175.4434444,0.27532101,248.0476091,3.282246026,438.9735335,52.0212609,0,E000
37.66807513,2.082171667,174.1018968,0.357502057,247.9186718,2.98644255,420.9272012,48.16020596,0,E000
31.57329091,2.615298025,172.9420891,0.507105847,252.1470232,3.463345424,437.429656,47.82261969,0,E000
34.49296316,2.931158091,155.79364,0.371270275,250.7856006,-4.729025369,351.8555539,54.14717487,1,E006
38.80009782,2.751746992,161.1035189,0.235860892,248.0926811,3.456900884,379.0481606,57.92044078,0,E000
34.52100804,2.315627344,147.378362,0.295538064,252.1902282,3.088113691,358.5973735,54.97806155,0,E000
27.41271742,2.931753719,145.9699788,0.566115976,248.6361145,2.90833508,448.6316842,50.63639022,0,E000
37.36044557,13.91362982,152.2669589,0.362804317,250.7391141,3.142507876,376.3574488,56.41444977,1,E002
34.4442985,2.518408022,156.9334058,0.310226711,250.0998508,3.33659776,364.3691607,59.20186758,0,E000
35.04390021,2.407106489,163.3817245,0.472100275,248.1958943,3.32095817,390.6323032,47.63423301,0,E000
39.42954165,2.061971007,158.7315427,0.531068454,249.5121531,2.919271799,448.5033845,76.5697045,1,E008
35.55144386,-3.873964703,167.0021932,0.506708218,252.1003558,3.389614909,360.4619851,55.40176262,1,E002
31.69811229,2.347277039,154.263847,0.545515849,249.6485478,3.043324204,358.0846802,51.82577557,0,E000
44.48789615,2.54664822,161.6118613,0.464892863,248.6412106,2.886339644,422.7397294,53.03288824,0,E000
29.84090032,2.838997328,141.8878681,0.496523483,251.0952851,3.23001848,410.9868735,56.36223487,0,E000
31.73791584,2.373921047,140.0090815,0.26276105,245.0024293,3.433312058,425.6477679,48.51114306,0,E000
40.12326658,2.620473785,152.1110051,0.383853102,246.9908231,3.594801248,395.4055323,58.72877826,0,E000
44.39819704,2.061349627,145.2032268,0.54602844,245.5207241,3.321343836,383.1213815,54.04961818,0,E000
42.16825504,2.577593366,161.291675,0.431725361,246.3107986,3.05766446,404.7739909,52.36601924,0,E000
36.56560282,2.133479972,167.0957252,0.459319011,251.4810213,3.253154948,354.9447437,46.09023234,0,E000
26.632633,-10.71282271,156.250992,0.217926524,254.5749156,3.562295616,377.9356323,55.97288423,1,E002
29.77554292,2.529659724,145.320392,0.362963153,246.9371705,3.296666106,417.4199375,51.39150231,0,E000
36.6434092,2.693618057,148.2727157,0.355773872,247.2842585,3.150924305,366.979264,50.34134511,0,E000
44.39824092,2.371112938,178.2259787,0.275399941,252.1017327,3.550868477,448.6180312,57.49283713,0,E000
28.83734649,2.433472233,155.7454208,0.428485167,249.9903617,3.577676795,367.7135455,48.38980148,0,E000
43.74679126,-12.73783927,149.7695787,0.561433194,245.9949941,3.324929445,429.1085722,50.32376761,1,E002
29.46854633,2.3096702,168.0249743,0.28967628,268.8460642,3.576333984,356.0781842,46.62183911,1,E005
34.94349528,2.630247219,179.2503031,0.333641861,254.2145774,3.209942841,385.9193402,58.51783683,0,E000
31.47358473,2.374552887,169.3660504,0.306068296,246.093559,3.523185357,435.5485955,58.22200147,0,E000
30.33607564,2.117041483,140.6423529,-9.188946654,250.5179006,2.851200066,363.6227778,47.71621053,1,E004
37.47718649,2.628426457,178.2853933,0.260792073,251.1834631,3.202861517,351.0233856,48.52422844,0,E000
26.97030147,9.798288062,148.4646131,0.268875411,245.6722864,3.337063854,396.3403547,57.46580161,1,E002
28.74087497,2.688405018,141.7998728,0.284572503,253.0747794,3.451367014,357.9893688,55.7525581,0,E000
39.99920941,2.110998099,142.4814705,0.26386654,246.4745301,3.078190268,363.3381237,47.05601914,0,E000
32.5957156,2.102567963,143.59038,0.56830258,245.2833745,3.117990394,440.1386857,45.68778028,0,E000
39.56432697,2.728490677,158.3833623,0.551099762,254.5598006,3.504337522,413.377904,53.46662762,0,E000
29.09968591,2.77534615,151.8530321,0.473774144,251.781225,2.806486558,381.4517572,59.28631042,0,E000
44.357753,2.68140706,152.6083939,0.493543948,238.1142764,3.180288286,425.1023859,50.66489866,1,E005
38.92059593,2.421248053,160.4232303,0.590982625,247.4696541,3.062053035,387.0320175,46.16471873,0,E000
25.81457605,2.349506372,158.8384101,0.495832471,252.3853904,2.833504315,392.7840571,59.52920723,0,E000
36.49406408,2.415559994,144.7105597,0.332114805,269.1800585,2.895822704,366.332241,54.61100039,1,E005
31.30580676,2.075605041,149.6268206,0.52073036,253.6909907,3.274524796,377.9442422,49.27946581,0,E000
25.52733949,2.304751095,155.8062119,0.535535735,254.8934951,2.859397487,353.755607,46.51687782,0,E000
44.75299127,2.397612379,155.6724358,0.225440575,248.2093544,3.272876304,404.8203773,53.71141638,0,E000
43.50496635,2.299800528,159.585763,0.480959488,250.1594588,2.951213826,374.8743266,52.49733387,0,E000
31.84163497,2.475546037,152.5967378,0.525256802,253.2064156,2.916813524,415.749423,49.8188276,0,E000
32.9680683,-12.44196615,160.1951265,0.414687451,245.2406704,3.002896135,381.0696658,59.80632807,1,E002
44.73279157,2.540793755,141.3063624,0.459822403,254.0558214,3.112052853,439.4302893,49.85366406,0,E000
58.94564927,2.366122979,157.5130325,0.427168201,249.9329218,3.313462453,368.0979578,53.11064932,1,E001
31.23444136,2.880314762,143.4022554,0.40720614,251.6379162,3.205544093,402.36724,54.04937266,0,E000
27.62489755,2.513854464,167.1089296,0.309466554,252.0752282,3.433965335,439.6028365,59.16498354,0,E000
31.47220438,2.416565828,154.8092874,0.511163763,254.225724,3.440043526,392.119138,56.61390853,0,E000
35.90471437,2.765351994,196.8456801,0.278106774,250.9968631,3.065738768,350.9205667,48.00331404,1,E003
41.19032149,2.222075871,163.8778089,0.346688763,245.7958815,3.393282416,354.6697818,55.13031941,0,E000
32.61781713,2.540698477,156.008491,0.564448201,250.3208682,3.497236545,373.1088922,51.51630207,0,E000
30.84289297,2.303275148,170.492105,0.222489718,254.7524454,2.925410358,446.5031623,46.47656324,0,E000
25.53022621,2.462295561,147.3852983,0.346671552,250.1832392,2.971417447,360.4822641,49.71819146,0,E000
44.73325187,2.011417983,178.4566648,0.531044105,250.8519479,3.596127528,422.6106068,51.28800011,0,E000
35.95184752,2.3067766,150.2658883,0.542628795,254.7374258,3.00148269,435.4820053,47.84645337,0,E000
29.69284164,2.749977798,155.1894962,0.425265755,247.4674742,2.811576513,360.0064672,48.7763908,0,E000
32.64461416,-14.45309603,176.6056495,0.295128259,249.2899511,2.897690097,395.683543,47.00013695,1,E002
34.8323175,2.850616058,176.174391,0.38413162,254.457765,3.258799668,360.4554458,46.54249224,0,E000
40.23021263,2.01260752,172.3362296,0.253366534,249.4239374,2.981937383,424.2457564,59.7845043,0,E000
42.82286227,2.855737259,173.092086,0.458523973,245.2343296,2.863716103,368.1507962,49.27200561,0,E000
39.9298281,2.593044334,173.8048341,0.583548749,245.7853624,3.353204437,358.2233222,57.03093839,0,E000
30.36127282,2.003819923,177.6352068,0.527128829,248.6675208,3.336779768,370.9486223,53.88729607,0,E000
30.48430405,2.984858403,160.0231727,0.363479825,247.2763254,2.963586769,417.3711648,53.47273756,0,E000
39.40648555,2.829957919,121.6666809,0.32887738,245.1340481,3.474713317,444.1821269,54.83337296,1,E003
44.75336016,2.517960528,140.1674977,0.350503732,245.5651569,3.225848211,421.0387647,59.51470639,0,E000
25.93931934,2.850348001,165.0260316,0.396124996,253.8171731,3.497017481,367.9633826,54.36777023,0,E000
36.22554395,2.680227779,175.3165927,0.571761394,248.8356739,3.525794534,417.7190724,45.56676333,0,E000
29.99336018,2.017552363,155.285579,0.278392074,247.569523,3.030569575,352.480933,56.79464329,0,E000
30.92616241,2.076239218,176.2816784,0.221130358,253.3920795,3.121725105,364.9894295,52.54905672,0,E000
37.1547359,2.56953978,162.6956378,0.51309827,253.0164259,3.391193651,405.3830916,46.12416019,0,E000
37.38320049,2.6195871,141.5103656,0.316266505,231.7460385,3.036850744,378.7746513,59.74522734,1,E005
31.78900385,2.674019919,172.8101328,0.404835431,252.4231025,3.589105737,383.9573141,47.22452602,0,E000
30.77261106,2.154459747,140.5472966,0.254298341,245.725748,3.391022423,356.6168722,55.43213406,0,E000
28.07791813,2.718331175,177.6589695,0.220489719,249.9221618,3.389782142,356.7926204,47.71871709,0,E000
43.34627151,2.677542267,151.8644993,0.220911641,254.3685343,3.196254118,433.5245548,52.40698344,0,E000
29.31350305,2.824743237,176.7058911,0.501973016,251.1370797,3.333524309,387.1860115,58.08955032,0,E000
38.89902178,2.698948828,157.1659797,0.221897993,254.5622117,3.382074675,435.6299327,55.0822303,0,E000
34.78905521,2.846514339,160.2203504,0.233289226,245.0709653,3.267086614,432.1110528,56.35492139,0,E000
32.00250518,2.19010765,156.7639789,0.229008927,253.8492675,3.118801623,371.4052456,45.64820549,0,E000
33.98011158,2.094893167,163.978467,0.312421748,238.8484989,3.048190289,400.6677177,53.76990155,1,E005
34.36367792,2.810126635,170.7042408,0.402063167,253.5442939,3.400871624,427.8581849,68.99700412,1,E008
43.94566679,2.375329908,168.0244599,0.380452028,245.741762,2.977200841,417.8393146,51.40804541,0,E000
34.18271512,2.254391581,173.2945416,0.294153305,249.3098306,3.070375983,445.9043997,57.45208353,0,E000
36.34032522,2.655173715,155.2849398,0.424844353,248.4247522,2.853302399,383.6705669,57.79094948,0,E000
27.68829354,2.311217495,146.9858874,0.526382316,246.2978297,3.181070635,415.6239893,50.82640832,0,E000
28.27247642,2.729344794,159.4469462,0.46829093,251.3669291,3.006204173,357.2762376,46.36875854,0,E000
29.00300488,2.865295759,175.1965851,0.31115645,254.0532183,3.258519398,404.7028146,57.74963651,0,E000
30.64357291,2.575370065,158.0287194,7.961794358,253.5614957,3.527655155,394.9661663,49.20644792,1,E004
30.37986809,2.195240603,160.4445455,0.225959712,251.3177484,3.540211713,373.769876,53.06472696,0,E000
30.61926379,2.766064777,165.4165743,0.387609976,247.8350719,3.554087768,357.1206718,51.77004049,0,E000
28.50605885,2.781959977,177.2066081,0.438425572,246.3034072,2.858374666,431.7914626,53.37414787,0,E000
37.40619103,2.434595961,141.5756733,0.451338847,253.7536324,2.960938374,420.9895433,49.33330949,0,E000
31.95618416,2.754264973,160.7230999,0.237939677,251.4100606,3.200837902,366.9886675,54.61679198,0,E000
36.14623944,2.070161936,150.7447183,0.42672573,253.0716377,3.248714915,467.1549876,47.34360219,1,E007
27.59029843,2.357029344,140.9025805,0.260564178,249.1096061,2.952365598,444.7087547,59.6577436,0,E000
28.05078086,2.764527795,147.8498287,0.417176178,246.7668231,3.196044757,363.7898822,48.88333113,0,E000
43.65456967,2.018006556,140.2551617,0.528503768,248.0328103,2.867118369,444.0176063,48.20942596,0,E000
35.64226971,2.686589913,179.7032718,0.414910269,247.1037208,3.014845712,375.5428281,49.70108342,0,E000
34.68091752,2.525261347,168.07794,12.12418296,249.0603421,3.095944004,432.6923909,47.34475832,1,E004
44.8431603,2.939068479,169.4852966,0.517136018,254.956042,3.532381505,428.9300449,51.06983127,0,E000
43.88118679,2.348095593,166.8173734,0.569314408,246.0339494,2.860697313,416.1130587,59.94220246,0,E000
35.15367649,17.45278354,172.1501979,0.380803315,250.1909173,3.448321553,392.7701171,55.52399025,1,E002
39.16725953,2.656631074,177.3101176,0.38552393,254.5021121,3.029864267,389.2760919,58.91457449,0,E000
28.06702806,2.285783556,170.1388844,0.487479706,246.9201625,3.209618711,416.0532415,53.87293196,0,E000
41.07344154,2.295444777,143.4041394,0.3778294,248.793656,3.566662149,397.7877077,46.09023473,0,E000
34.26988088,2.876319433,151.9190894,0.300799289,251.4442317,3.557366332,442.7174838,52.21600786,0,E000
34.25359571,2.553711485,153.709237,0.366953177,246.9187318,3.067788261,412.2315356,51.06044925,0,E000
29.2464297,2.074624121,164.6980793,10.26056328,250.806458,3.562882694,415.048335,55.09669953,1,E004
26.78822005,2.843649664,158.8695935,0.28404711,249.5723042,3.238089587,374.5310498,52.67230154,0,E000
35.71655369,2.518008066,142.1130675,0.235880368,254.8585844,3.477426422,443.5955154,49.23063532,0,E000
29.49209646,2.676821299,168.069531,0.231450684,249.8860493,3.356542131,377.291716,48.26698673,0,E000
35.78684484,2.38193964,148.4317241,0.223383195,249.1194655,2.928880019,369.0809491,46.06222052,0,E000
30.67551812,2.902453307,172.735217,0.452254118,251.0776277,3.546116574,420.872858,55.24446628,0,E000
29.3386636,2.084920339,164.8284345,10.87089333,250.5266854,3.313707036,391.4650178,58.55021776,1,E004
44.8359614,2.2872998,167.8925816,0.438839206,249.8893612,14.17044528,444.4484775,55.58173302,1,E006
63.85751655,2.393038786,165.3340535,0.55755599,250.8798731,3.291918942,421.6307982,58.23161636,1,E001
33.94824734,2.383838883,179.5368398,0.473068461,253.9674655,3.241777824,446.6409296,53.70264555,0,E000
26.38722602,2.330215065,144.663323,0.343870224,247.4176451,3.080189291,409.0299072,46.78875252,0,E000
32.18982302,2.334511289,140.9988665,0.508860811,246.5484268,3.118847379,429.8495964,53.3010004,0,E000
27.55160606,2.120558416,140.6480159,0.353133358,254.989047,2.900908629,405.6798384,52.96504695,0,E000
30.44614653,2.666385414,142.1826163,0.294273014,251.3384982,3.037078462,366.2229571,54.84932924,0,E000
31.66998343,2.299395588,175.9174117,0.269913995,246.5723567,3.292979401,440.6872832,58.55618656,0,E000
28.10480492,2.232384323,165.9293388,0.563104497,251.4280205,3.225064634,354.9126894,54.41445532,0,E000
31.23422152,2.019192277,172.1765624,0.459473181,249.1628493,3.44243642,366.0074105,50.01115826,0,E000
34.84555713,2.271096254,172.7547708,0.587577759,247.9845066,2.967891742,378.6659248,54.01962546,0,E000
35.89376187,2.491413755,189.748066,0.512825809,246.7532168,3.426096631,416.3810105,55.24812464,1,E003
38.89392942,2.595131675,161.6508044,0.510346026,247.193204,2.834717743,365.3456832,52.76472134,0,E000
39.31944458,2.978981115,156.0584712,0.219944059,252.4931536,3.35625516,390.8221823,47.67412212,0,E000
32.94574581,2.722143235,161.2748707,0.531975837,252.4631381,3.104880411,416.8360702,45.77493264,0,E000
30.46519054,2.302930906,174.3479248,0.211719777,253.9409137,3.374768143,403.0247526,48.09026106,0,E000
26.7397352,2.728861442,169.9943973,0.24854877,253.533465,3.276284578,394.2589023,45.60029461,0,E000
28.12037281,2.439511689,169.9273565,0.326213272,249.3325093,2.922691862,365.9629933,55.52596561,0,E000
42.70881697,2.232914561,133.5500285,0.334061257,250.0688044,3.386192171,369.807712,48.27138193,1,E003
39.64449773,2.016947665,154.3255887,0.562364668,248.1521674,3.543216709,425.533893,57.71685406,0,E000
36.17664635,2.176501223,164.4144708,0.305408577,247.30963,-11.09787636,404.5317673,48.67101716,1,E006
43.96945639,2.290360913,158.1726461,0.477698785,253.3191331,-15.58648807,361.7987208,55.63027078,1,E006
35.36659305,2.383832952,141.3964621,0.477988053,252.7851588,3.518911143,441.1454003,48.46763825,0,E000
33.0076136,2.163121116,172.4840691,0.290292307,250.2617532,2.902412852,336.6278776,51.6888594,1,E007
37.55800779,2.49354658,167.8865477,0.381153344,247.5414728,3.232023354,361.7978999,47.36533008,0,E000
32.41284294,2.314350113,156.3099242,0.531274348,250.3193298,3.54340878,444.5117507,54.92876595,0,E000
42.45891672,2.125550215,149.8338977,0.327690119,254.8634992,3.245475531,410.6457776,45.58458546,0,E000
38.59294565,2.16574978,154.31245,0.268325483,248.8705001,3.394257201,410.423951,45.5274107,0,E000
32.24787798,2.142850287,170.6610926,0.284832495,251.2331443,3.58081114,375.4626867,53.82965505,0,E000
30.15805654,2.857562338,149.3333129,0.362078857,246.3824557,3.126307941,358.0779214,58.72615148,0,E000
38.07609319,2.09493201,152.7540724,0.597125785,270.9511275,2.970333828,357.8782071,49.15352535,1,E005
39.52182667,2.271949726,177.8864585,0.339220782,247.6167137,3.349320339,429.6300186,46.02527572,0,E000
27.6313537,2.267402028,179.6854256,0.222143927,248.6318912,2.804020403,376.3403612,59.38046612,0,E000
41.84904152,2.250399314,196.33417,0.491565502,248.4654107,3.510126451,413.7979377,57.77759215,1,E003
44.25296829,2.139245371,164.9075816,0.220662943,246.9127737,3.077012841,394.2491314,59.7482398,0,E000
30.57292928,2.645810813,162.5363346,0.390043346,245.2012172,2.97098935,398.7598438,47.39911204,0,E000
42.01163458,2.564074029,166.7550612,0.488044533,254.3191273,3.271867516,367.7311254,59.71992437,0,E000
40.89619097,2.9668455,144.3605446,0.307775779,247.2123782,2.981143684,359.8769051,51.54672598,0,E000
42.24727417,2.950531053,150.8596801,0.583188427,246.2096066,3.095999109,371.3933783,55.22271803,0,E000
42.89335249,-17.48854488,158.9412065,0.519273196,246.2720412,3.116752877,377.1460663,49.37488156,1,E002
37.12505876,2.038979321,163.0723168,0.540232079,247.3158299,2.936448302,406.037986,45.14337279,0,E000
44.39169256,2.535310131,158.1905737,0.323876684,247.2675862,3.531667548,419.9027414,59.90059182,0,E000
30.81813615,2.923000839,153.0334176,0.512736076,247.4618736,3.335815122,337.3626131,55.10721219,1,E007
27.79544753,2.11613896,167.1853273,0.454920863,250.8537542,3.122089151,433.4473743,50.38142351,0,E000
28.52773973,2.014315278,176.4535676,0.595205585,254.835973,3.37318101,422.831551,47.58984804,0,E000
35.29634708,2.105905804,152.312766,0.246825765,252.3051465,3.097796236,441.7425853,55.36380855,0,E000
36.60172416,2.771626911,156.294621,0.521268205,247.4479987,3.488198249,427.9608643,54.58108884,0,E000
41.64268356,2.516698385,150.2476606,0.59256857,247.7489566,2.838014206,391.9672292,54.14972239,0,E000
25.24308949,2.686327197,155.8103726,0.590240768,248.2071216,2.893156419,440.888744,45.75216035,0,E000
43.73659479,2.395130908,155.4682823,0.322039875,252.0876563,3.351916803,421.800621,58.22981386,0,E000
39.90878948,2.873698593,162.2476277,0.512279722,251.04005,3.196860383,429.3591197,54.9364496,0,E000
40.09085748,2.395970473,162.7189719,0.452688967,254.473069,3.554685839,397.3919761,50.74374611,0,E000
33.36486073,2.804906777,150.8799442,0.46830601,250.2659494,3.093566265,378.7212571,58.20160001,0,E000
18.58300823,2.190750403,140.2869775,0.272525233,248.3044735,3.230574747,441.9277211,53.10490301,1,E001
35.98453329,2.963394434,153.7354681,0.276903167,254.0746318,2.867098991,403.4189892,46.12908362,0,E000
30.8245828,2.239180104,140.5752578,0.312767342,252.0978505,3.476955093,359.1244841,57.63374378,0,E000
43.58751978,2.318866818,148.7485556,0.20676512,249.0364669,3.361677751,401.3652672,48.24735851,0,E000
41.16794696,2.886604215,155.5692189,0.350794467,246.5652921,3.059116442,408.061976,47.78406096,0,E000
28.6287087,2.748645234,170.2053447,0.548957825,251.4471998,3.247914481,426.6622665,55.44395213,0,E000
39.47935748,2.418516387,155.2596517,0.239283556,267.7175325,3.174481636,424.0518365,57.487566,1,E005
31.93906404,2.957448019,165.6386211,0.469367892,249.4043457,2.96641965,396.9166049,57.42807864,0,E000
41.76657409,2.012404036,179.6132922,0.219506528,245.6801023,3.214111149,419.375792,55.18555748,0,E000
25.21675303,2.906143255,153.9007518,0.329123917,249.0663653,3.30297711,437.1187046,59.38035981,0,E000
42.36935952,2.788932472,163.225809,0.367193634,250.5405838,3.539483477,424.6082157,47.20272254,0,E000
29.94696203,2.18533018,146.409024,0.536139271,247.6850008,3.476895348,398.6409099,49.97535378,0,E000
42.87785166,2.488897832,178.3052659,0.207989173,250.285842,3.419886722,405.7065933,53.08845791,0,E000
35.39484973,2.681796811,131.3749316,0.200567288,250.5996415,3.272524181,447.2048965,50.42217501,1,E003
35.67015325,-10.89620416,171.2330333,0.507565284,248.5422068,3.355421694,444.128995,54.38503995,1,E002
40.36546828,2.63092179,179.8610524,0.29959076,245.092009,3.352560832,411.2313385,57.35760773,0,E000
27.6017248,2.03757109,150.7664628,0.32460492,246.0448032,3.44722764,404.5488148,51.92488771,0,E000
43.56637125,2.517269056,146.1796882,0.415016057,248.8305881,3.20379158,421.6093482,54.72746396,0,E000
25.78687081,2.738723151,176.3680854,0.53813199,250.6283024,2.898015314,382.1369956,47.96471672,0,E000
33.16906426,2.095399277,176.5216587,0.594373667,253.6349145,3.497763623,361.4639944,48.01276824,0,E000
28.63195434,2.462675605,145.328397,0.392073406,250.3455454,3.47705441,379.988574,52.8190621,0,E000
42.36542561,2.613291685,174.3858138,0.473270225,246.5766103,2.824338832,388.5716713,52.69084802,0,E000
42.80527568,2.664984903,156.1284253,0.456434441,253.4246411,3.270155576,374.3301928,48.91212641,0,E000
44.71300908,2.918926534,145.7631514,0.545183849,253.1939823,3.097170671,393.5505027,56.24289913,0,E000
43.38783946,2.692358922,160.0948728,0.265625435,247.7038324,3.179460456,430.9103217,54.01615199,0,E000
37.06304219,2.880156738,164.1743728,0.333319944,245.8771764,2.815746572,382.4750609,59.3976514,0,E000
43.45514381,2.243396683,170.7498853,0.575487721,245.9148296,3.479305798,374.38391,59.16261545,0,E000
42.96108579,2.947688026,160.2372662,0.446516299,253.1231733,2.961324169,430.2288816,45.81615192,0,E000
42.89633312,2.287632729,158.3211447,0.34089239,248.0521453,3.462618852,409.823776,47.55349549,0,E000
32.37827279,2.955060511,172.9740179,0.45737158,248.6770851,3.569409983,400.6231036,53.87503231,0,E000
38.14988119,2.192743507,152.1001584,-10.54450517,247.0364864,3.315198363,449.4505104,45.18013745,1,E004
36.13525786,2.582198747,142.397732,0.563825771,251.7866009,3.376714575,419.4541974,48.95359426,0,E000
31.28015851,2.271415008,165.8333941,0.292494775,254.1636511,3.124835127,417.7375347,75.24412542,1,E008
31.96510934,2.512363778,155.9073766,0.499008255,254.0090773,2.905448299,409.7349301,54.08100558,0,E000
36.79835374,2.631307553,171.4948783,0.512584836,248.7320737,3.171465396,413.0779733,48.67213442,0,E000
18.44006645,2.769616177,152.805002,0.536197003,253.3238537,3.334235834,416.5781804,55.50239538,1,E001
32.39210882,2.352518461,166.7435367,0.355319111,247.5511539,-14.31493116,446.6478455,54.53925346,1,E006
35.49512863,2.695035229,166.1736802,0.392806936,254.3250395,3.538639607,381.5056497,59.96676582,0,E000
42.21461167,2.968488778,170.3717003,0.553737371,251.4915396,3.489867933,373.2730242,53.47759884,0,E000
31.91869985,2.422728637,147.5950132,0.587525876,248.0372385,3.478377355,400.9211585,50.04117582,0,E000
34.97776307,2.97025711,165.2550391,0.555934558,249.8605754,3.292320604,432.8897112,52.05812229,0,E000
40.92939256,2.919421316,142.3776835,0.360668556,254.8835549,16.30366103,367.7446147,53.48229425,1,E006
35.83268429,2.687019267,179.3008509,0.251561034,249.2457261,3.475367669,389.9141661,45.35253634,0,E000
31.68487782,2.267592677,142.4816567,0.378921103,249.555017,2.889792858,422.3802777,56.32714575,0,E000
42.02273343,2.598225294,173.1021221,0.31500448,254.2987048,3.001144122,433.4969549,47.07041413,0,E000
26.86205536,2.0991781,178.057793,0.312730001,254.469029,3.142415482,438.6376385,49.09543194,0,E000
36.84815569,2.371724066,143.5115295,0.557589223,249.7535907,2.817301594,390.3522767,57.41519111,0,E000
30.44290274,2.009923821,165.8228873,0.335493182,249.2888743,3.078782381,370.6746646,47.51051296,0,E000
34.62280204,2.636902317,141.1140896,0.265491583,251.6875325,3.256449124,381.2405898,53.36491871,0,E000
36.13391342,2.247875572,149.7378254,16.9516971,253.3693936,3.257586148,437.1014287,54.68235809,1,E004
29.12667437,2.087092767,154.4429891,0.558326293,251.6961126,2.915768509,379.1272522,54.98107189,0,E000
31.82132702,2.688885302,159.3272345,0.59524963,246.9412877,2.807393271,428.8581765,53.71370847,0,E000
35.62709263,2.246978799,167.1399987,0.586693691,247.013991,3.006611486,352.6347332,56.88752523,0,E000
36.67312224,2.460358271,145.8574503,0.34211359,246.5852023,2.93229634,446.7859924,54.0018591,0,E000
31.72219292,2.639747712,161.3501328,0.526234792,251.2744561,2.800201964,466.2027218,52.64584058,1,E007
42.56413348,2.151703645,170.4814621,13.74400081,253.1058734,3.31862082,437.7046925,50.7159322,1,E004
39.35842647,2.207181472,146.3610052,0.460765043,247.9057923,15.37267759,361.159702,55.28722749,1,E006
43.78414034,2.697274346,142.0333066,0.317195415,245.5021596,3.464013336,456.6841941,51.60435069,1,E007
33.78019982,9.404574912,147.2925329,0.589536106,250.0591734,2.835447746,354.7380733,58.60861026,1,E002
41.21106662,2.281521198,153.8322439,0.297271992,251.5490712,3.450342724,369.5422587,53.59691885,0,E000
33.61775047,2.977006954,146.5714737,0.348734714,251.7730396,3.374208436,401.4979811,59.56828185,0,E000
30.74477983,2.679620333,175.1840599,0.256872551,245.084515,3.459778531,376.4492873,48.56431826,0,E000
26.47593129,2.279276088,146.7281462,0.460074867,248.0145619,3.062996791,437.5034531,45.95884746,0,E000
40.23239231,2.460539497,159.5133727,0.419886902,251.7730069,2.962828418,387.6949972,51.55617124,0,E000
41.89566456,2.714424164,145.2674761,0.529806828,252.0506328,3.347219889,394.3916698,46.37457308,0,E000
42.43073612,2.875883084,165.808743,0.552500273,247.7315962,3.241614538,375.3884011,59.96475508,0,E000
31.08484486,2.057780561,152.5111196,0.38225982,247.3556593,3.56473504,412.2515868,58.11084845,0,E000
27.43772187,2.234203371,154.0659949,0.335199512,249.6245682,3.075829543,420.8579125,59.39892181,0,E000
25.84186379,2.806965491,148.3326156,0.221803711,254.4017983,2.849204589,406.3383741,57.22511665,0,E000
44.41110573,2.129578664,144.4650723,-14.68330899,248.5492327,2.954013618,431.8963368,50.44654981,1,E004
27.27115184,2.063640909,166.4687473,0.210643346,249.5495078,3.117782024,437.71549,52.61793056,0,E000
35.50326767,2.556878443,172.4722687,0.379921596,252.8507186,2.879784778,379.2612727,51.53409746,0,E000
37.91834483,2.533967473,175.5965351,0.375106022,247.252071,3.327592046,431.4066906,58.21987334,0,E000
54.03849768,2.653542147,151.6390202,0.434701048,251.0503097,2.897471289,404.8633111,45.1790745,1,E001
38.78548765,2.065887139,158.740402,0.465033306,252.6595817,-11.65426059,403.957563,45.78458658,1,E006
25.67891957,2.023594965,147.0832902,0.468823801,250.6680611,3.116391261,394.1287803,52.59691678,0,E000
37.8178333,2.944709051,144.4961885,0.380743466,246.9241104,3.515286079,462.1805252,46.56015447,1,E007
32.60391238,2.676940783,177.0423824,0.4093145,245.4033016,3.181299328,364.8385378,48.99825181,0,E000
39.76067233,2.657353482,147.3935359,0.532776617,246.9644132,3.073369503,417.2105067,48.26226531,0,E000
25.71724797,2.148887203,190.5007475,0.380830628,246.569784,3.345712138,425.1521598,47.71668074,1,E003
26.8796388,2.482968872,149.477333,0.203634814,249.841845,3.327084323,374.4789519,51.20124863,0,E000
38.29823449,2.169881006,162.5766635,0.573382042,245.6404352,3.29915646,427.1668106,50.90514276,0,E000
36.30266367,2.865577146,151.3816554,0.334162725,245.1177988,3.441133449,419.865698,57.53923666,0,E000
30.97367968,2.119244911,156.3630414,0.211407398,233.5127494,3.134884149,354.4295431,53.8359023,1,E005
29.87979287,2.09299064,150.5298939,0.431416727,249.9334159,3.379537872,434.0449582,58.84715832,0,E000
28.99347564,2.509422128,162.535814,0.41856283,246.9724267,3.155290404,420.6790504,45.06190732,0,E000
39.29685858,-6.416406046,144.0734937,0.491573205,246.8056502,2.855718616,392.6954445,45.59356443,1,E002
36.96387757,2.183562908,151.3955456,0.36665274,248.5363786,3.219901774,463.5000118,54.81252468,1,E007
41.43720119,2.73149649,144.7457506,0.550851025,253.688011,3.514827667,425.5093967,52.50742343,0,E000
33.39661277,2.911607857,153.9647708,11.43889679,253.0492668,3.58480188,388.7822011,57.67647982,1,E004
44.3964209,2.582926057,159.7182789,0.36974881,250.2016022,2.947232828,428.4441542,49.37270788,0,E000
37.62277252,2.064853594,165.0931574,0.404184053,246.5222821,3.027283319,433.7729099,51.95267221,0,E000
26.95344228,2.194622512,163.8740751,0.231886029,251.191214,3.510050457,383.2672987,51.24105353,0,E000
27.92747984,2.325290618,144.7188993,0.326765206,254.3857824,3.510914135,399.9211504,58.18777377,0,E000
37.48475992,2.342447979,171.1928354,0.402417877,252.0393667,3.04612407,449.9673205,58.75568385,0,E000
37.31726376,2.781321856,179.1288267,0.267247239,251.1454102,2.885888895,427.330404,49.65032769,0,E000
37.34289973,2.008319942,144.8999145,0.288711797,250.7719975,3.464737993,371.5071471,50.24480071,0,E000
44.26445079,2.325104015,142.8043256,0.589775724,248.5499512,2.853400204,359.919453,57.61333465,0,E000
39.78530301,2.798202134,148.1136318,-12.22165265,246.8652183,3.543067439,409.1333913,46.81804916,1,E004
43.49201981,2.719689596,144.4619963,0.271081784,252.8712286,16.77786244,405.4455228,54.47899444,1,E006
38.87124912,2.924739565,147.1488052,-18.02296572,254.1527798,3.021103476,387.7285724,54.90281996,1,E004
30.59958187,2.601074167,164.2398787,0.527870801,254.6141758,2.800042262,378.454061,56.47595147,0,E000
40.34376578,2.469988268,167.6820221,0.497341158,249.1052278,2.885535892,352.4875882,59.59891115,0,E000
32.54568326,2.41894779,163.112282,0.382226713,246.2740807,3.293883401,397.5246527,46.33874627,0,E000
28.66818927,2.777890142,148.0265647,0.517327269,225.0742691,2.957873135,359.2977993,46.13149604,1,E005
38.09022429,2.422629197,152.0986527,0.459088022,249.5632592,2.935764191,425.7858122,59.38201431,0,E000
42.43687055,2.036018818,177.2696161,0.534516525,246.5031062,3.313340568,425.1148368,57.31279957,0,E000
43.73211385,2.877470047,177.3918207,0.293160735,250.0655,3.55077457,428.578215,46.54950717,0,E000
31.1457993,2.354271327,149.0791416,0.477151371,254.0309751,3.514236752,424.5132748,56.61597806,0,E000
18.15760186,2.965551775,151.2614044,0.563437435,249.105853,3.108737144,420.092897,45.14824932,1,E001
25.6317229,2.672702994,149.9989156,0.47368363,253.1622785,3.427906387,380.8355071,45.07199737,0,E000
44.80300681,2.297919194,165.6969589,0.400741485,248.595764,2.911447347,363.4834151,70.66462074,1,E008
39.14477269,2.827518922,173.9983732,0.452617751,251.6801945,3.012098609,403.3030561,52.32361694,0,E000
32.09992612,2.321162153,153.6001754,0.321107043,250.3838419,3.07020479,449.317079,45.83970427,0,E000
32.35566265,2.776447446,152.2585387,0.281597841,250.3133995,3.146978962,438.0131353,59.28452077,0,E000
29.43831245,9.566336692,158.1624802,0.39710417,248.8133698,2.948214541,385.5316264,50.0633588,1,E002
35.37835411,2.822179887,148.8195056,0.388761004,247.62035,3.104155998,444.3048811,57.00487289,0,E000
44.63221311,2.831084407,176.4695083,-16.38789635,247.6547322,2.966994027,444.426616,45.28956625,1,E004
38.75771445,2.506920438,155.7422134,0.547089261,252.8395252,3.028420057,354.4395265,50.14402674,0,E000
25.09264046,2.134435129,164.5455161,0.586334668,250.6586307,3.507739988,354.2005767,46.27014233,0,E000
35.32101645,2.345972488,166.8890152,12.88412477,249.6619023,3.32366784,360.3497504,48.80259283,1,E004
32.80578202,2.654522269,128.5201861,0.222686055,250.8809279,3.405035939,391.3312561,51.30348949,1,E003
38.17847884,2.603493096,153.5233764,0.259963701,254.6469048,3.12755835,377.3842519,58.86645138,0,E000
25.18950263,2.003646703,170.3884664,0.504579033,252.8897719,3.54402147,361.7906312,26.44412619,1,E008
33.18823304,2.740904056,175.0053447,0.400747812,249.4727297,2.888315387,393.3622587,45.83236082,0,E000
37.56513188,2.450667121,124.9550826,0.255121195,251.7118612,3.583341198,403.1972659,48.21126982,1,E003
27.89789744,2.861369996,163.2279634,0.478866502,249.4677216,2.982222673,360.6883375,54.75548341,0,E000
25.50838253,2.071256728,147.8661434,0.354889256,248.2005956,3.216416427,354.5486541,59.07883287,0,E000
34.23057917,2.305264302,148.8927284,0.28517038,249.0918937,8.612805462,369.7205897,47.82589474,1,E006
39.51439017,2.910770162,153.0084479,0.383721475,245.3121356,3.263629095,361.6180775,59.68857252,0,E000
26.52261719,2.919531025,163.5196652,0.537257946,246.2188921,2.959133451,406.5817993,55.10916674,0,E000
40.93074582,2.82750632,142.1453917,0.202943132,246.2731188,3.076143871,367.4278679,48.94221412,0,E000
32.37153388,2.415197639,165.1473733,0.565811505,245.361848,2.99492881,337.4655839,51.44551211,1,E007
34.32007029,2.636641035,151.9182972,0.273038852,263.5077255,2.863932087,350.0554185,54.12479102,1,E005
35.17141382,2.296535581,141.2010402,0.487070463,251.4336973,2.923747879,449.7915134,56.6051902,0,E000
28.54299579,2.36844892,155.6887117,0.234446444,251.6941206,3.002800813,360.0169326,51.54434039,0,E000
33.87500439,2.538331943,141.7240044,0.307439573,249.1174767,3.329070491,422.7292477,55.19112836,0,E000
40.64056175,2.313826808,153.3777011,0.597132853,246.174759,3.486361556,381.424152,57.89040337,0,E000
26.51726656,2.971532691,143.8144369,0.400247813,245.9473891,3.119232362,371.9991127,50.90153234,0,E000
39.94941876,2.001565105,146.2526788,0.239044015,248.0963181,3.280866132,442.4747476,45.01805421,0,E000
29.92531448,2.933014873,170.2285653,7.171373893,253.3630988,3.126554465,376.2823026,53.63625125,1,E004
25.51623814,2.825415664,173.7597389,0.584644577,254.9428799,3.373947561,356.7028079,53.3251363,0,E000
36.31463928,2.950928595,151.3313761,0.496203808,246.6392026,2.905729422,437.1616846,57.59436744,0,E000
42.89654701,2.241201458,154.9249047,0.504160027,252.8129065,3.130555583,390.2889579,55.41533833,0,E000
29.79123781,2.815946939,145.4859395,0.586682456,249.7377329,3.130206656,418.9229736,49.94723713,0,E000
41.52914932,2.695899118,179.3426883,0.396800692,246.1260923,3.404349818,441.1256152,54.38500771,0,E000
37.37222756,2.101803683,158.3407425,0.360131947,253.9377419,3.215559029,429.9265966,45.63403491,0,E000
38.27003538,2.367940751,151.4283027,0.355683447,245.00241,3.202575366,409.0589658,49.45620825,0,E000
41.30817283,2.267455383,160.5436511,13.87404299,247.7402072,3.437025951,367.3361012,58.57469751,1,E004
37.81944155,2.031149093,173.4989008,0.401253422,254.2779148,3.110318823,366.972344,48.06397137,0,E000
42.24255235,2.634363689,175.6263382,0.276152715,246.7845067,3.111725938,373.1901122,59.29938595,0,E000
29.01049453,2.728981062,173.4576877,0.41622107,248.3631273,2.994171989,392.3693152,47.69292439,0,E000
37.02230023,2.619587955,149.6598594,0.506638378,248.3370421,3.532754403,352.8457392,51.44824137,0,E000
39.11150345,2.001353626,156.4315524,0.307896986,247.2991837,3.299017753,433.6593779,57.74315639,0,E000
26.03406,2.767595118,154.1010851,0.555889896,248.9505677,22.69347055,415.1152451,51.2023337,1,E006
42.47354228,2.147303044,156.1095794,0.261914414,245.5533239,3.466223257,377.308145,45.05256995,0,E000
33.48444018,2.71201402,164.5118334,0.577193114,247.6528509,2.804259352,434.4426333,48.79019442,0,E000
31.09358278,2.778025243,160.7204173,0.314903078,252.0491113,2.851867375,443.677395,56.71076994,0,E000
31.3384401,2.735663114,146.8283345,0.415288041,249.837969,2.938857715,440.2901011,55.10087369,0,E000
40.79397014,2.641734397,173.7551764,0.506739559,254.3361538,3.229298624,433.8337821,55.74137877,0,E000
30.86295461,2.27140938,145.7387783,0.401288166,249.1442981,2.807402018,420.0187561,57.35696423,0,E000
59.26457076,2.82006412,164.0271169,0.585134653,251.2693183,3.4276833,437.7581773,55.71875207,1,E001
29.62149593,2.122920678,146.5064326,0.458060033,254.3755034,2.809497077,449.6145242,55.20091542,0,E000
36.56773834,2.066564728,175.8958927,0.496353283,252.0410436,3.106259366,437.2029735,50.63825932,0,E000
42.96477196,2.467123093,155.6851259,0.489548415,254.096138,2.820029069,394.8238847,69.77844647,1,E008
34.6904597,2.309372718,173.0425874,0.256553422,249.157748,3.516053378,362.8577261,51.06030154,0,E000
37.31700196,2.722814303,148.4978911,0.279637368,252.1995954,3.385963703,390.9470742,46.7014114,0,E000
30.1190733,2.150311551,153.9923499,0.439097636,230.2786933,3.490454397,379.314051,51.75309924,1,E005
25.80278776,2.546594263,143.5311277,0.598342572,260.3162099,3.486919663,441.9429601,50.30322334,1,E005
27.8016803,2.839802286,142.0097204,0.417514828,251.7709378,3.21852652,447.4031225,53.20856142,0,E000
43.54355639,2.890409517,146.6502132,0.264393773,254.6149968,2.831561562,403.3200664,51.90995617,0,E000
28.1908936,2.43276688,142.1893083,0.386111013,251.2890514,3.401018494,351.7878484,59.72876677,0,E000
29.03706904,2.521449024,141.5924576,0.383976781,251.2911758,3.499604236,398.1699838,50.89125275,0,E000
43.16531772,2.285906789,172.1521956,0.354420374,252.5272714,2.957562904,407.8329103,49.16646074,0,E000
31.04382054,2.067185197,132.0321803,0.416816794,251.0167002,3.286857379,388.8181001,51.31844601,1,E003
25.86319824,2.174881437,146.2725082,0.528735729,251.4157968,3.019983354,370.4593614,50.55005311,0,E000
13.51028263,2.342523507,178.1229729,0.296928093,249.7151637,3.550463491,428.9180652,59.46772859,1,E001
32.7354047,2.765590064,175.3514825,0.479748383,248.4160226,-4.350252311,366.8097448,47.46438851,1,E006
25.40142396,2.751178048,174.6440618,0.556389554,251.3926288,3.123928651,435.4607563,46.18025485,0,E000
30.41489346,2.906111002,178.1826372,0.280364536,250.6135582,2.953418767,441.1596887,54.16958276,0,E000
38.33838039,2.350422572,179.7793153,0.425510079,253.2446156,3.380108178,435.2805314,36.66169435,1,E008
35.40327002,2.093857285,140.9483101,0.496673652,248.2932128,3.455285861,392.6443806,58.15287875,0,E000
32.54894572,2.136566927,140.6655786,0.500621223,239.9698943,3.497945886,394.3788838,48.58289819,1,E005
27.55565909,2.121442616,151.2614016,0.221350198,251.8851219,2.859191107,370.3289555,39.05248404,1,E008
37.6695644,2.49381404,143.4452856,0.487998721,254.3367891,3.145917088,394.7942417,50.63245862,0,E000
44.00822968,2.788447343,165.1928262,0.571422213,254.4842516,3.454387817,429.8687371,59.37774413,0,E000
32.76786361,2.50320467,170.7493917,7.156728923,248.8485626,3.420893279,393.1651763,49.98341646,1,E004
37.52154582,-17.47128799,169.3998575,0.22474457,252.4463144,2.819230845,415.0323323,48.15724254,1,E002
42.30748624,2.878621597,191.1202125,0.592723209,248.7959364,3.310900319,366.1074178,59.70673348,1,E003
44.62372356,2.946456513,166.9957281,0.571349021,251.3704755,3.358459471,374.1852947,57.93570577,0,E000
37.19128668,2.121501376,143.3094734,0.519121873,246.3650301,3.152096617,398.809226,50.94036519,0,E000
52.50795694,2.476481829,164.8043813,0.438477188,253.6104093,2.972553094,367.5643833,48.80067892,1,E001
34.91328765,2.012818333,196.9502547,0.276803911,247.8757175,3.586270838,387.3548554,56.75583536,1,E003
29.7508665,2.676026288,153.8231834,0.506540512,246.947938,2.939667188,425.4375956,57.93407594,0,E000
35.10504745,2.157954823,172.7496092,0.293143423,250.1839963,3.424417442,416.1303962,50.16752783,0,E000
55.51534284,2.781994286,146.66265,0.21956473,248.9551694,3.482956571,425.4926837,52.75733956,1,E001
33.3754105,2.767567629,161.644553,0.539281251,247.4720607,3.487547666,433.2040739,50.0132294,0,E000
28.86245681,2.05235445,176.135872,0.578262466,252.269323,12.65220621,404.2441709,59.88359496,1,E006
36.41556609,2.142137124,179.6785099,0.324148356,247.5709609,3.121434936,410.61096,53.79024566,0,E000
37.33459871,2.318702656,199.2183449,0.455391167,252.5165668,3.401264332,383.0702788,45.22436992,1,E003
42.08770187,2.312907394,149.3901769,0.459007918,249.8639163,3.010690895,358.7033565,47.5867776,0,E000
36.6673753,2.841447553,150.213455,0.311652188,245.0040154,2.80931592,394.4393819,45.75319682,0,E000
25.80218383,2.264276263,172.0960714,0.420675187,247.5225283,3.203018755,445.3177538,52.25520669,0,E000
41.344444,2.00933162,158.1595964,0.593484633,249.294479,3.052522902,363.0455637,54.41158512,0,E000
38.16903669,2.251001383,165.9751528,0.518968222,252.2887051,3.224600482,364.4898659,53.40783277,0,E000
33.39454634,2.370941008,177.8009626,0.232589559,247.3008449,2.910620422,433.1324071,46.5740877,0,E000
35.06834542,2.113838393,167.1878887,0.462625081,246.7571525,2.978119388,427.6391369,48.02169722,0,E000
31.0175662,2.612939582,153.7058059,0.563972063,245.4696442,3.012027935,420.4795836,51.79949608,0,E000
43.79664247,2.966417386,140.0012288,0.583898289,249.0892724,3.306828235,427.1546457,47.6976667,0,E000
33.27098203,2.391032869,159.561936,0.45574992,252.8580848,3.32739563,394.9351317,50.86999255,0,E000
31.4964563,2.789090152,153.6428864,-17.98772109,250.4847342,3.028125031,443.508689,55.36276763,1,E004
40.41824407,2.835480226,142.8462272,0.586207167,245.3082462,3.032978655,440.5468692,57.05627961,0,E000
42.9422052,2.188024735,162.1064907,0.442358726,254.1157689,3.271576642,414.7709075,58.09553402,0,E000
40.90899922,2.1949752,164.0233279,0.337838638,253.6243413,3.168257112,441.9530629,49.54133056,0,E000
27.08217164,2.449349742,142.3426122,0.217835237,249.824236,3.1007507,411.8037525,48.75559576,0,E000
33.16821576,2.111636687,157.6413922,0.341548297,230.3673088,3.560729191,370.7113474,55.6768626,1,E005
40.91585339,2.841933567,155.6837431,0.295315868,252.3829551,3.071175941,385.5436681,46.5866836,0,E000
32.20381283,2.135354082,149.377024,0.433242303,246.2710261,3.373305549,363.7728302,53.83191794,0,E000
40.24917371,2.395137743,149.6119649,0.492887683,254.1987093,3.03715258,364.950864,57.5388611,0,E000
27.06247738,2.915090068,151.8543045,0.407499139,248.6901773,3.092066939,369.3700293,59.16335512,0,E000
31.3600695,2.615012968,150.7424867,0.267208021,247.1027618,3.202038085,445.562138,57.82375438,0,E000
33.91805413,2.226125331,147.3125355,0.346936206,247.5736546,3.160722922,408.1106245,58.63561412,0,E000
28.23257428,2.76099076,147.4108142,0.504755958,253.3124581,3.058382987,365.8852692,59.69176145,0,E000
27.13186061,2.301046078,142.7614775,0.273525156,252.5840367,3.187412958,412.9641234,50.34250448,0,E000
33.37850899,2.834144597,152.630926,0.49304508,245.4384685,2.969010334,444.5189761,52.02091294,0,E000
33.56368297,2.440198998,159.4906142,0.205678654,252.2952142,2.919639455,389.4258235,45.42397052,0,E000
38.46864867,2.068458719,150.959524,0.442789247,246.5265816,3.399373732,390.0657848,50.34834336,0,E000
8.801499893,2.804671618,169.4597683,0.570131895,249.4683423,2.938500351,354.7811064,48.69689804,1,E001
26.36344619,2.996157673,157.5159955,0.314231846,254.7799342,3.543424521,379.5813363,51.16349857,0,E000
28.27311886,2.888403672,140.0444838,0.413919787,247.5944917,3.389453465,437.294873,56.07287846,0,E000
30.69817246,20.92346426,146.5615979,0.210384407,245.8998556,3.029237919,447.2259802,53.3777423,1,E002
41.60651361,2.841450673,162.6559878,0.512029574,225.7270525,2.952558824,441.5617092,48.87795542,1,E005
38.60281544,2.918239087,175.4468518,0.207232437,245.5713272,2.979909424,409.7628993,53.68830053,0,E000
35.31358855,2.271946039,176.9058056,0.263899784,254.0148585,3.29288864,351.4830162,50.34626783,0,E000
25.09879962,2.672871669,167.6498666,0.209926885,248.5954314,3.156014947,426.0558116,52.39950324,0,E000
39.70142088,2.538701798,172.039228,0.477168092,247.2810038,3.448346331,402.9774915,49.37734781,0,E000
43.41695696,2.36928077,174.9217259,0.43850343,253.7019669,2.828829902,351.7704445,55.73775023,0,E000
26.85152134,2.712604684,142.7832713,-11.89060348,248.1070352,3.496324136,367.0433202,50.28694177,1,E004
29.10279281,2.072316475,146.4769203,0.217944223,252.5240923,2.862593679,448.8203493,54.84985435,0,E000
39.35195531,2.203472742,170.7898649,0.229094505,245.901957,2.981601039,414.1570296,51.56396616,0,E000
31.44158331,2.071007665,151.5775809,0.427798903,245.7514295,2.958698032,397.136811,51.39227323,0,E000
44.01428613,2.432497878,143.7967175,0.431045232,246.1054317,3.047459379,367.2099853,59.623088,0,E000
28.08725431,2.645822386,150.3436636,0.585741294,247.1285009,3.342837873,362.7853818,53.28322602,0,E000
32.98631832,2.908228489,164.6877691,0.577509648,249.5009527,2.895382862,408.8688974,50.62278409,0,E000
27.65431508,2.800003482,154.2876934,0.365466209,249.4332032,3.213921032,379.3676413,50.45737561,0,E000
26.05911601,2.595008422,145.8110447,0.502692925,247.1817498,11.44822979,422.1366564,49.99612019,1,E006
26.20534781,2.51493335,178.0824979,0.245292489,246.3093125,2.941634636,362.1081298,59.00209188,0,E000
34.43534302,2.743862145,124.9392071,0.294530407,249.383809,2.813490296,365.1610638,46.3812074,1,E003
42.02413828,2.993255015,157.0599899,0.457685206,250.0975707,3.549082046,381.2656314,53.06002237,0,E000
43.37869486,2.081074916,176.5692551,0.3963229,249.4809111,23.45576267,415.0178126,46.90678938,1,E006
31.95143048,2.742253187,161.2988363,0.289441019,250.8770323,2.985868437,430.12099,51.06394073,0,E000
41.72792015,2.454403559,163.6382026,0.413564919,254.3919586,3.380404548,458.3001497,49.65355278,1,E007
29.74453583,2.486000494,150.1210536,0.269912514,248.6829547,3.094849975,400.6501201,58.53291178,0,E000
38.3728644,2.430985221,169.8831307,0.242980221,249.9632277,3.340913431,410.0202547,57.33633465,0,E000
34.83189093,2.861690904,161.9563853,0.383281922,247.3448401,3.593338442,380.714995,46.86748347,0,E000
28.4658864,2.899833346,143.1575761,0.326253286,245.6582984,3.085793575,404.4200002,55.23718599,0,E000
40.78342477,2.593660791,174.0229811,0.594240294,251.5082795,3.127357315,443.7827207,54.64396812,0,E000
27.7930251,2.200282018,161.8818138,0.23016487,245.9691733,3.0428081,381.9648028,51.25005125,0,E000
33.7116663,2.68513431,172.9599061,0.427568562,245.264469,3.307402123,371.8269483,56.46083385,0,E000
38.63005444,2.454001621,163.0752481,0.366464379,254.304486,3.266414918,373.0000453,58.35633306,0,E000
36.19297367,2.70487101,177.6823288,0.211136421,247.1380121,3.356512603,405.7642393,46.67404799,0,E000
38.52793973,-10.69818988,157.0166198,0.55622046,249.2956663,3.227021115,445.5286196,49.49537649,1,E002
39.65144194,2.713206883,142.0460082,0.267543716,247.4894352,3.507198221,444.3633671,50.56761181,0,E000
39.28173864,2.90608706,171.4025568,0.331629512,246.9854286,3.39104404,438.3368298,54.42125215,0,E000
28.34083816,2.092625483,144.9538411,0.280470093,246.9128916,2.818488535,388.5041238,52.75200892,0,E000
36.70708729,2.589453989,149.8784467,0.541806174,248.054135,2.934811715,353.3393205,58.97854027,0,E000
37.38980692,2.941120813,145.88653,0.247000736,251.1769459,3.518007068,396.426642,53.23079408,0,E000
41.63824348,2.757032054,160.7332315,0.459021911,232.0405697,3.205828604,420.9110363,51.14971979,1,E005
35.78322553,2.222361305,176.7683212,0.479811148,249.6458276,3.33778732,360.387379,49.92888245,0,E000
34.93926966,2.264061985,153.1153598,0.314074638,253.0354178,3.113333234,443.8462053,53.34173312,0,E000
34.73337883,2.656756063,174.4578274,0.562661319,252.9507288,3.490423023,410.692228,48.1720548,0,E000
29.37812325,2.206022,161.8292531,0.356416917,250.7299328,21.48527232,350.7670799,45.75833564,1,E006
34.23838587,2.148699318,168.9531473,0.274707367,252.3854987,3.183481831,395.3741759,75.62905287,1,E008
37.47171376,2.156476716,166.6674261,0.544737529,249.1621703,3.118073495,417.0663316,58.33717443,0,E000
35.57874268,2.674130296,163.1343905,0.416086907,251.9799047,3.557011594,421.7867851,57.74133404,0,E000
42.44247818,2.49232548,147.4655976,0.298327435,254.9022253,3.521796498,385.9445026,54.2261001,0,E000
26.58838738,2.074105423,153.1137135,0.342211919,249.4991278,3.376653053,397.6795224,46.41685577,0,E000
27.50757768,-13.15105048,161.6573791,0.207386362,245.6197504,3.510464306,436.8870796,50.35906383,1,E002
30.46077666,14.96800377,156.9662244,0.53990122,248.119784,3.453972276,362.2272853,47.741828,1,E002
43.64056211,2.071158285,170.6343458,0.485442947,247.1972275,3.455894518,418.862929,55.5279364,0,E000
37.55010926,2.062203226,161.9435366,0.53443156,246.9668856,3.269456356,377.463688,59.97296819,0,E000
44.08102055,2.794578279,170.2913191,0.429108111,254.4404128,2.916228808,366.5400905,57.49273562,0,E000
28.4704903,2.088384947,159.3399234,0.595711978,251.5365648,3.301314947,413.4914235,59.5299437,0,E000
35.74715498,2.469244946,160.4529817,0.45453925,251.600026,-4.311150451,365.6634181,54.59086329,1,E006
39.764336,-4.063618835,170.7002678,0.228501074,254.2212044,2.840779229,397.9325278,55.84551646,1,E002
34.87591193,2.084792016,148.4492733,0.519199214,253.9623625,3.234273099,447.8269486,45.06966725,0,E000
38.94840534,2.898560605,143.9369676,0.220809502,248.5442399,3.057870766,356.5627995,58.06335855,0,E000
25.29089331,2.443380014,163.3300957,0.431502591,253.4960017,3.114188091,372.6870516,56.66687371,0,E000
33.81525494,2.072901835,155.4909765,0.508734414,250.0035836,2.955195165,431.3105047,54.1992502,0,E000
31.4917166,2.51500566,144.3945245,0.467661662,250.8779541,3.49632037,444.7602502,51.68947906,0,E000
40.65471421,2.746150504,142.0240555,9.005477514,250.5339244,3.315430525,366.8628211,59.64346885,1,E004
26.30712682,2.96276835,179.7005848,0.454960992,248.8306937,2.827031321,396.2494274,47.54824313,0,E000
27.02943086,2.95807348,173.0284381,0.390793357,250.3355443,3.395239561,376.9270424,56.38397923,0,E000
32.44036172,2.203766459,163.7938952,0.427307447,250.049328,3.584376638,390.9143788,59.82584818,0,E000
32.46618633,2.405102695,165.9506154,0.516524286,252.6977231,3.424628387,376.766676,55.76555043,0,E000
33.57988055,2.634582418,144.1306004,0.555600244,252.661571,3.262868279,410.9568534,53.98763453,0,E000
44.86967043,2.455713365,168.5577084,0.517036456,249.9410042,16.79231887,391.1650797,46.61735511,1,E006
31.38200946,2.246603635,147.1612655,0.260505714,250.6069448,3.59110057,376.706094,54.47987016,0,E000
32.3292307,2.535553815,175.3473587,0.364121489,253.4729675,3.2465854,396.3865221,49.62911522,0,E000
26.65597336,2.472281804,142.3834839,0.361407997,251.1384595,3.346959637,375.2195161,50.01369561,0,E000
36.73216926,2.253272384,159.0040136,0.338250815,246.5633144,3.549074203,350.8349738,47.33178438,0,E000
35.01739907,-10.15600124,174.6566052,0.208722717,251.7955412,3.238374237,366.9557994,57.26214659,1,E002
33.48261343,2.200474516,144.3217824,0.239658445,248.2018117,3.398427791,355.2348767,47.11327681,0,E000
34.09870144,2.747765277,151.2640244,-12.91830942,254.5660057,3.113021484,392.0134554,59.53352576,1,E004
31.19055233,2.422548428,176.6024293,0.250100492,247.7470503,3.379928217,366.5749015,51.16841044,0,E000
37.82295266,2.794210663,152.2297583,0.395160078,252.0549665,2.863831299,406.9335202,48.68740699,0,E000
27.27302523,20.76208937,178.175144,0.284387716,250.0392901,3.344443878,374.746773,54.00709295,1,E002
37.84063292,2.554226514,145.6489417,0.513400601,245.3879945,3.542320504,367.1789109,51.10296161,0,E000
33.66816435,2.495977467,189.4753045,0.446107664,247.3950774,3.173285013,370.0049233,53.37288353,1,E003
14.32466864,2.858925389,148.8329966,0.26158293,254.0980433,3.550669762,351.2548199,55.91153606,1,E001
41.28936965,2.984989656,166.2812199,0.506498189,247.1052849,3.098853029,362.7372036,55.07464382,0,E000
38.45036912,2.083464085,172.8278464,0.245586355,254.3770462,3.155026863,363.4525492,45.12457262,0,E000
44.26230223,2.249008736,156.8685047,0.239217815,246.7014274,2.961169197,419.1818586,45.78277488,0,E000
33.25235354,2.964476654,142.6893672,0.500719265,249.8640504,3.46542824,412.5846666,51.15506392,0,E000
32.03245374,2.083554338,163.8971697,0.394029164,247.0607378,3.527443317,399.3444279,57.5455394,0,E000
31.70237709,2.950459171,175.1900961,0.262645126,246.2897891,3.010040184,425.8455747,47.91489531,0,E000
38.36425597,2.505634153,143.2232325,0.308926159,253.4143976,3.486124791,383.4856951,47.64920539,0,E000
44.47215298,2.605950173,159.2497382,0.496557989,248.2835735,-15.9422654,445.5655425,58.90603674,1,E006
38.94942923,2.191592946,146.1513482,0.334990818,251.0301386,2.99943628,377.387182,59.98267241,0,E000
43.18065041,2.965015369,143.8946758,0.228220025,251.8553862,2.957989025,399.5459193,56.07978976,0,E000
30.61869019,2.150048665,147.1742404,0.259183334,250.3236023,3.188224574,432.3087529,53.22180097,0,E000
37.82084637,-5.769408101,170.4014342,0.282712624,251.9543052,2.944969294,359.105385,48.76650336,1,E002
44.25984008,2.331564699,177.3817552,0.530747139,247.0033982,3.206649355,392.5431194,49.09382591,0,E000
30.54762366,2.670732312,167.0975228,0.226422123,246.0613002,3.07230787,445.5098556,54.95187485,0,E000
30.6370955,2.772012476,175.9354587,0.321637854,250.0144147,2.971440058,432.3724286,50.83746925,0,E000
39.87892585,2.569377361,155.1991632,0.369074648,252.2061629,3.306626786,385.3905826,54.82537045,0,E000
36.72459664,2.203223091,174.9143769,0.4344942,253.3999822,3.239073404,411.4642819,56.01096053,0,E000
32.68653294,2.043899943,156.7355813,0.424637803,251.5377792,3.374349619,378.165301,45.93674034,0,E000
25.54191985,2.357814084,145.0729609,0.415032455,245.7356335,3.501051176,363.132325,56.43478143,0,E000
39.07315719,2.151246829,170.0470855,0.536648803,251.2625927,3.267379831,359.031856,58.4734379,0,E000
28.6115069,2.646458742,156.61772,0.463560723,247.5349375,3.17554789,393.2227075,50.81349507,0,E000
27.09860357,2.025193414,175.4552145,0.215767034,247.4995898,3.171879843,368.2663049,56.01327509,0,E000
34.85250209,2.239874113,143.0721219,0.4841406,250.5233801,3.058146966,443.4558073,48.1735921,0,E000
35.37676114,2.926382607,172.8027001,0.233685204,249.4840784,2.879945502,442.4077805,46.69046791,0,E000
26.83164147,2.51903228,173.6866151,0.496798156,245.0071686,3.171417895,376.5180875,46.60388404,0,E000
32.63055389,21.91656648,165.1595355,0.515939163,246.7163502,2.969567272,403.2034687,47.64831288,1,E002
26.6827993,2.005229614,162.8350967,0.20420529,246.8677253,3.462702516,377.8713715,48.92963346,0,E000
37.64611661,2.656161838,172.8952484,0.530585844,248.9971955,3.129674888,438.7753509,56.89490477,0,E000
35.93394825,2.791558203,141.5706021,0.411031849,249.234388,3.582795572,417.8060377,57.97185333,0,E000
31.73208556,2.409628895,161.9258081,0.30868704,246.2508891,3.279434853,428.9868107,52.06140333,0,E000
35.3816357,2.55337119,140.2418817,0.413392083,252.8827521,3.098912655,363.1929826,59.82101913,0,E000
30.19507568,2.029169764,147.231406,0.35609542,246.6883361,3.108376348,352.7631833,48.82138193,0,E000
30.94698015,2.783198413,178.2688174,0.245458415,248.8114688,3.288315093,390.1443549,48.20192274,0,E000
27.72879505,2.075699727,146.12578,0.206449859,249.9151423,3.289849031,437.0810425,59.87261532,0,E000
33.8229765,2.809018542,160.2134128,0.481079613,252.4575133,3.002775313,437.5699373,36.84722345,1,E008
44.31264066,2.130710377,168.29588,0.585474075,254.0411366,3.233068306,429.9578644,50.82073905,0,E000
27.99834855,2.86996916,179.822756,0.303320172,246.6859905,3.068932271,394.8128699,56.29799553,0,E000
40.95627298,2.814125686,154.5000794,0.348196575,248.9808718,3.56048942,403.410169,54.5167971,0,E000
29.72100927,2.450254246,144.2720282,0.441517103,253.7339146,3.373638351,397.2804464,52.98772305,0,E000
41.57488531,2.28565867,147.4043492,0.588762273,272.510634,2.810506699,385.446162,56.14225036,1,E005
37.6312044,2.623648778,149.9441954,0.307218875,249.8094161,3.444813204,393.20248,55.75326263,0,E000
43.12534795,2.850452273,196.174478,0.453372813,251.78627,3.445116235,416.2498458,49.91590435,1,E003
44.07857154,2.334238319,176.3373821,0.579347821,248.9480728,3.135007192,425.9561834,59.41283365,0,E000
35.32633123,2.444829258,153.5552754,0.539254516,249.8350707,3.466178478,360.5218474,25.34019542,1,E008
28.37870126,2.80258568,162.8798351,0.317926895,245.6560076,3.261124441,385.121702,57.10072152,0,E000
27.09135681,2.309787859,160.3103135,0.331812166,246.9105187,3.316276499,389.8599663,52.6223596,0,E000
37.90211353,-12.46908385,145.5212366,0.215465354,246.3690141,3.028670516,375.3356062,54.22763024,1,E002
36.87184907,2.678669957,153.2113867,0.469717429,250.5742474,3.084105411,408.7415164,54.08355411,0,E000
41.06051796,2.105345484,169.7562075,0.422348326,253.642306,3.323120917,362.7056265,48.93684454,0,E000
34.59877669,2.562072794,173.5541545,0.26570818,248.3336784,3.408713178,418.6372233,47.82898397,0,E000
28.81351894,2.55270957,156.2974261,0.356015311,266.113975,2.821163604,355.8063339,57.84366063,1,E005
27.72742951,2.89252329,141.1460971,0.525140389,250.4061099,3.419906746,420.5034522,59.85164676,0,E000
29.83704582,2.991809951,147.8567686,0.488182697,245.3106813,2.950446853,439.3236147,53.23876907,0,E000
44.284404,2.578873044,160.8844219,0.203529036,249.8571538,11.89466815,385.1207568,45.30857197,1,E006
30.24528089,2.287409596,159.3317714,0.2140637,245.2574241,3.452144186,405.4512556,51.52517891,0,E000
32.241117,20.93883862,151.4217175,0.262823554,249.4908796,3.084664303,418.2226377,59.49652215,1,E002
33.35161552,2.981192529,162.138871,0.246532691,250.496223,2.915612179,446.579153,46.3989018,0,E000
35.55402218,2.227179557,141.6766087,0.458936854,249.3017591,3.143682195,351.3981713,58.67631498,0,E000
35.87105722,2.194623837,156.0810887,0.49441416,247.5258601,3.160212155,442.9116353,48.06109588,0,E000
27.78987721,2.121384939,164.9497234,0.569856716,250.2032363,3.139511214,422.5096019,48.46410539,0,E000
27.37635833,2.748826337,173.3457604,0.455643139,249.4447998,3.482538383,406.4818314,51.95744598,0,E000
27.05019456,2.069007593,167.6662261,0.283004598,249.386717,3.243153387,378.2326351,48.4078688,0,E000
32.66277056,2.416504432,164.2035807,0.397193084,252.4837525,3.005003939,380.9839772,48.11832531,0,E000
29.41539226,2.663047192,152.6777049,0.573365251,252.7224028,3.199080819,380.5381482,52.83110357,0,E000
25.1512575,2.1175513,176.659566,0.491397574,247.9867216,2.811263731,390.2753619,51.8915812,0,E000
41.42514609,2.543024584,143.8657934,0.435372496,245.3769739,3.031342603,369.4619254,46.54528792,0,E000
42.24028965,2.879185773,160.1964581,0.549898829,252.6576332,3.195835484,361.1097209,45.3208327,0,E000
33.34822006,2.979970329,151.1347393,0.465895682,248.2056322,3.339375706,421.2063421,52.53597792,0,E000
34.59227508,14.49059674,167.1778934,0.380476512,248.3359958,3.042884038,391.0902059,45.34634434,1,E002
35.88978196,2.309806875,172.0375489,0.495825299,253.7355558,3.049601045,400.2529627,55.99807207,0,E000
32.11945357,2.198097633,146.0188908,0.442929767,247.8266736,3.074435205,424.8396356,54.22401267,0,E000
44.36386856,2.952221786,170.0730058,0.384284869,248.4646929,3.049422117,438.9965869,58.28158147,0,E000
30.71424173,2.634142138,156.5269007,0.478675595,246.9148961,3.273531524,350.3387848,57.45874988,0,E000
42.78173167,2.425531645,156.5406742,0.377143324,226.6196165,3.495346291,449.7909322,53.77774712,1,E005
44.84967004,2.597155306,169.1052455,0.295249937,251.4071022,3.25373047,359.332812,57.51383255,0,E000
28.53056064,2.593560935,164.4043169,0.262340615,253.4876759,3.100398898,351.1199305,59.10351289,0,E000
39.46840227,2.480890147,150.7519046,0.431425573,253.2180146,2.926592593,433.3990762,49.57401957,0,E000
41.01173398,2.131715029,157.6265953,0.596257095,250.3230436,3.211224656,404.6024593,53.38022166,0,E000
40.51055233,2.794515544,144.6058471,0.360142651,245.3836155,3.216066147,425.4978733,47.2610549,0,E000
